"";"Agent";"Rounds played";"Average Combat Score";"KAST pct";"Average damage per round";"HS pct";"Kills";"Deaths";"Assists";"First Kills";"First Deaths";"Clutches Won";"Clutch Situations";"Assists per Kill";"First Kills per Kill";"Clutch Situations per Round";"Clutch Success pct";"Agent";"Rounds played";"Average Combat Score";"KAST pct";"Average damage per round";"HS pct";"Kills";"Deaths";"Assists";"First Kills";"First Deaths";"Clutches Won";"Clutch Situations";"Assists per Kill";"First Kills per Kill";"Clutch Situations per Round";"Clutch Success pct";"Agent";"Rounds played";"Average Combat Score";"KAST pct";"Average damage per round";"HS pct";"Kills";"Deaths";"Assists";"First Kills";"First Deaths";"Clutches Won";"Clutch Situations";"Assists per Kill";"First Kills per Kill";"Clutch Situations per Round";"Clutch Success pct";"Agent";"Rounds played";"Average Combat Score";"KAST pct";"Average damage per round";"HS pct";"Kills";"Deaths";"Assists";"First Kills";"First Deaths";"Clutches Won";"Clutch Situations";"Assists per Kill";"First Kills per Kill";"Clutch Situations per Round";"Clutch Success pct";"Agent";"Rounds played";"Average Combat Score";"KAST pct";"Average damage per round";"HS pct";"Kills";"Deaths";"Assists";"First Kills";"First Deaths";"Clutches Won";"Clutch Situations";"Assists per Kill";"First Kills per Kill";"Clutch Situations per Round";"Clutch Success pct";"Agent";"Rounds played";"Average Combat Score";"KAST pct";"Average damage per round";"HS pct";"Kills";"Deaths";"Assists";"First Kills";"First Deaths";"Clutches Won";"Clutch Situations";"Assists per Kill";"First Kills per Kill";"Clutch Situations per Round";"Clutch Success pct";"Agent";"Rounds played";"Average Combat Score";"KAST pct";"Average damage per round";"HS pct";"Kills";"Deaths";"Assists";"First Kills";"First Deaths";"Clutches Won";"Clutch Situations";"Assists per Kill";"First Kills per Kill";"Clutch Situations per Round";"Clutch Success pct";"Agent";"Rounds played";"Average Combat Score";"KAST pct";"Average damage per round";"HS pct";"Kills";"Deaths";"Assists";"First Kills";"First Deaths";"Clutches Won";"Clutch Situations";"Assists per Kill";"First Kills per Kill";"Clutch Situations per Round";"Clutch Success pct";"Agent";"Rounds played";"Average Combat Score";"KAST pct";"Average damage per round";"HS pct";"Kills";"Deaths";"Assists";"First Kills";"First Deaths";"Clutches Won";"Clutch Situations";"Assists per Kill";"First Kills per Kill";"Clutch Situations per Round";"Clutch Success pct";"Agent";"Rounds played";"Average Combat Score";"KAST pct";"Average damage per round";"HS pct";"Kills";"Deaths";"Assists";"First Kills";"First Deaths";"Clutches Won";"Clutch Situations";"Assists per Kill";"First Kills per Kill";"Clutch Situations per Round";"Clutch Success pct";"Agent";"Rounds played";"Average Combat Score";"KAST pct";"Average damage per round";"HS pct";"Kills";"Deaths";"Assists";"First Kills";"First Deaths";"Clutches Won";"Clutch Situations";"Assists per Kill";"First Kills per Kill";"Clutch Situations per Round";"Clutch Success pct";"Agent";"Rounds played";"Average Combat Score";"KAST pct";"Average damage per round";"HS pct";"Kills";"Deaths";"Assists";"First Kills";"First Deaths";"Clutches Won";"Clutch Situations";"Assists per Kill";"First Kills per Kill";"Clutch Situations per Round";"Clutch Success pct";"Agent";"Rounds played";"Average Combat Score";"KAST pct";"Average damage per round";"HS pct";"Kills";"Deaths";"Assists";"First Kills";"First Deaths";"Clutches Won";"Clutch Situations";"Assists per Kill";"First Kills per Kill";"Clutch Situations per Round";"Clutch Success pct";"Agent";"Rounds played";"Average Combat Score";"KAST pct";"Average damage per round";"HS pct";"Kills";"Deaths";"Assists";"First Kills";"First Deaths";"Clutches Won";"Clutch Situations";"Assists per Kill";"First Kills per Kill";"Clutch Situations per Round";"Clutch Success pct";"Agent";"Rounds played";"Average Combat Score";"KAST pct";"Average damage per round";"HS pct";"Kills";"Deaths";"Assists";"First Kills";"First Deaths";"Clutches Won";"Clutch Situations";"Assists per Kill";"First Kills per Kill";"Clutch Situations per Round";"Clutch Success pct";"Agent";"Rounds played";"Average Combat Score";"KAST pct";"Average damage per round";"HS pct";"Kills";"Deaths";"Assists";"First Kills";"First Deaths";"Clutches Won";"Clutch Situations";"Assists per Kill";"First Kills per Kill";"Clutch Situations per Round";"Clutch Success pct";"Agent";"Rounds played";"Average Combat Score";"KAST pct";"Average damage per round";"HS pct";"Kills";"Deaths";"Assists";"First Kills";"First Deaths";"Clutches Won";"Clutch Situations";"Assists per Kill";"First Kills per Kill";"Clutch Situations per Round";"Clutch Success pct";"Agent";"Rounds played";"Average Combat Score";"KAST pct";"Average damage per round";"HS pct";"Kills";"Deaths";"Assists";"First Kills";"First Deaths";"Clutches Won";"Clutch Situations";"Assists per Kill";"First Kills per Kill";"Clutch Situations per Round";"Clutch Success pct";"Agent";"Rounds played";"Average Combat Score";"KAST pct";"Average damage per round";"HS pct";"Kills";"Deaths";"Assists";"First Kills";"First Deaths";"Clutches Won";"Clutch Situations";"Assists per Kill";"First Kills per Kill";"Clutch Situations per Round";"Clutch Success pct"
"Alfajer";"Astra";0;0;0;0;0;0;0;0;0;0;"0";"0";"0";"0";"0";"0";"Breach";0;0;0;"0";0;0;0;0;0;0;"0";"0";"0";"0";"0";"0";"Brimstone";0;0;0;"0";0;0;0;0;0;0;"0";"0";"0";"0";"0";"0";"Chamber";627;259,2;0,72;167,4;0,39;591;425;70;89;69;"21";"100";"0.150592216582064";"0.11844331641286";"0.159489633173844";"0.21";"Cypher";318;202,6;0,69;"137.6";0,34;237;230;55;37;36;"5";"44";"0.156118143459916";"0.232067510548523";"0.138364779874214";"0.113636363636364";"Fade";0;0;0;0;0;0;0;0;0;0;"0";"0";"0";"0";"0";"0";"Jett";235;304,8;0,71;"176.8";0,32;252;171;40;57;40;"2";"14";"0.226190476190476";"0.158730158730159";"0.0595744680851064";"0.142857142857143";"Kay/O";46;181;0,74;125;0,38;33;31;10;5;4;"1";"4";"0.151515151515152";"0.303030303030303";"0.0869565217391304";"0.25";"Killjoy";1293;238,6;0,77;163,2;0,29;1136;839;209;140;103;"25";"140";"0.123239436619718";"0.183978873239437";"0.108275328692962";"0.178571428571429";"Neon";110;180;0,6;116,8;0,28;65;81;17;15;24;"0";"5";"0.230769230769231";"0.261538461538462";"0.0454545454545455";"0";"Omen";21;275;0,71;"167.5";0,3;20;15;6;2;1;"0";"3";"0.1";"0.3";"0.142857142857143";"0";"Phoenix";35;280,5;0,66;"165.7";0,28;35;23;3;7;4;"0";"0";"0.2";"0.0857142857142857";"0";"0";"Raze";1033;272,1;0,73;178,1;0,26;926;754;248;186;145;"18";"78";"0.200863930885529";"0.267818574514039";"0.0755082284607938";"0.230769230769231";"Reyna";57;273,7;0,67;"179.1";0,37;56;41;13;13;7;"0";"3";"0.232142857142857";"0.232142857142857";"0.0526315789473684";"0";"Sage";170;207,9;0,74;141,1;0,4;125;112;55;20;23;"2";"19";"0.16";"0.44";"0.111764705882353";"0.105263157894737";"Skye";52;190;0,65;117,2;0,31;36;40;10;7;8;"0";"5";"0.194444444444444";"0.277777777777778";"0.0961538461538462";"0";"Sova";0;0;0;"0";0;0;0;0;0;0;"0";"0";"0";"0";"0";"0";"Viper";311;231,4;0,77;149,3;0,33;260;204;92;29;21;"7";"45";"0.111538461538462";"0.353846153846154";"0.144694533762058";"0.155555555555556";"Yoru";0;0;0;0;0;0;0;0;0;0;"0";"0";"0";"0";"0";"0"
"Chronicle";"Astra";0;0;0;0;0;0;0;0;0;0;"0";"0";"0";"0";"0";"0";"Breach";533;214,1;0,79;"131.1";0,23;401;322;245;38;33;"7";"47";"0.0947630922693267";"0.610972568578554";"0.0881801125703565";"0.148936170212766";"Brimstone";600;223;0,75;"147.8";0,23;462;410;188;57;46;"6";"48";"0.123376623376623";"0.406926406926407";"0.08";"0.125";"Chamber";482;238,7;0,7;153;0,24;409;339;81;93;71;"4";"42";"0.227383863080685";"0.198044009779951";"0.0871369294605809";"0.0952380952380952";"Cypher";0;0;0;"0";0;0;0;0;0;0;"0";"0";"0";"0";"0";"0";"Fade";0;0;0;0;0;0;0;0;0;0;"0";"0";"0";"0";"0";"0";"Jett";44;201;0,66;"129.8";0,2;30;30;7;6;8;"1";"3";"0.2";"0.233333333333333";"0.0681818181818182";"0.333333333333333";"Kay/O";0;0;0;0;0;0;0;0;0;0;"0";"0";"0";"0";"0";"0";"Killjoy";210;234,9;0,76;149,6;0,2;174;131;43;23;21;"4";"20";"0.132183908045977";"0.247126436781609";"0.0952380952380952";"0.2";"Neon";19;214;0,74;159;0,27;13;14;6;4;8;"1";"1";"0.307692307692308";"0.461538461538462";"0.0526315789473684";"1";"Omen";340;222,5;0;"133.6";0,24;257;219;78;45;33;"2";"21";"0.175097276264591";"0.303501945525292";"0.0617647058823529";"0.0952380952380952";"Phoenix";0;0;0;"0";0;0;0;0;0;0;"0";"0";"0";"0";"0";"0";"Raze";604;274;0,74;166,6;0,19;572;408;110;118;62;"7";"27";"0.206293706293706";"0.192307692307692";"0.0447019867549669";"0.259259259259259";"Reyna";209;265,8;0,71;"164.8";0,28;187;150;33;30;37;"2";"10";"0.160427807486631";"0.176470588235294";"0.0478468899521531";"0.2";"Sage";0;0;0;0;0;0;0;0;0;0;"0";"0";"0";"0";"0";"0";"Skye";76;223,3;0,85;146,6;0,28;66;47;12;6;5;"2";"11";"0.0909090909090909";"0.181818181818182";"0.144736842105263";"0.181818181818182";"Sova";2523;213,4;0,77;"138.6";0,26;1863;1493;846;197;162;"60";"288";"0.105743424584004";"0.454106280193237";"0.114149821640904";"0.208333333333333";"Viper";437;227,7;0,74;149,1;0,26;336;294;141;44;33;"9";"48";"0.130952380952381";"0.419642857142857";"0.109839816933638";"0.1875";"Yoru";0;0;0;0;0;0;0;0;0;0;"0";"0";"0";"0";"0";"0"
"Leo";"Astra";174;273,9;0,79;152,9;0,21;170;110;52;18;10;"8";"23";"0.105882352941176";"0.305882352941176";"0.132183908045977";"0.347826086956522";"Breach";825;235;0,77;"143.7";0,24;698;491;324;82;36;"21";"102";"0.117478510028653";"0.464183381088825";"0.123636363636364";"0.205882352941176";"Brimstone";68;160,3;0;"93.1";0,03;35;51;12;3;1;"0";"3";"0.0857142857142857";"0.342857142857143";"0.0441176470588235";"0";"Chamber";22;235;0,82;167,2;0,24;19;11;2;3;1;"1";"3";"0.157894736842105";"0.105263157894737";"0.136363636363636";"0.333333333333333";"Cypher";29;149;0,55;"91.7";0,22;16;21;2;3;5;"0";"1";"0.1875";"0.125";"0.0344827586206897";"0";"Fade";221;206;0,77;134;0,21;169;147;82;8;8;"1";"27";"0.0473372781065089";"0.485207100591716";"0.122171945701357";"0.037037037037037";"Jett";21;167;0,48;"99.5";0,3;13;16;2;6;5;"0";"0";"0.461538461538462";"0.153846153846154";"0";"0";"Kay/O";132;271,1;0,84;166,7;0,22;130;72;60;14;8;"1";"10";"0.107692307692308";"0.461538461538462";"0.0757575757575758";"0.1";"Killjoy";56;260,5;0,71;185,2;0,24;48;43;10;4;6;"1";"7";"0.0833333333333333";"0.208333333333333";"0.125";"0.142857142857143";"Neon";0;0;0;0;0;0;0;0;0;0;"0";"0";"0";"0";"0";"0";"Omen";1116;211,4;0,71;"138.1";0,22;835;759;282;113;29;"7";"63";"0.135329341317365";"0.337724550898204";"0.0564516129032258";"0.111111111111111";"Phoenix";192;216,3;0,77;"140.9";0,24;146;124;40;21;15;"2";"13";"0.143835616438356";"0.273972602739726";"0.0677083333333333";"0.153846153846154";"Raze";0;0;0;0;0;0;0;0;0;0;"0";"0";"0";"0";"0";"0";"Reyna";111;296,2;0,78;"190.2";0,29;117;69;22;23;13;"1";"5";"0.196581196581197";"0.188034188034188";"0.045045045045045";"0.2";"Sage";1349;243,3;0,76;152,5;0,22;1209;821;490;104;68;"35";"140";"0.0860215053763441";"0.405293631100083";"0.103780578206079";"0.25";"Skye";0;0;0;0;0;0;0;0;0;0;"0";"0";"0";"0";"0";"0";"Sova";1250;236,3;0,78;"159.1";0,23;1014;748;466;84;58;"18";"189";"0.0828402366863905";"0.45956607495069";"0.1512";"0.0952380952380952";"Viper";160;210,6;0,79;138,7;0,23;117;91;39;14;11;"0";"24";"0.11965811965812";"0.333333333333333";"0.15";"0";"Yoru";0;0;0;0;0;0;0;0;0;0;"0";"0";"0";"0";"0";"0"
"Boaster";"Astra";937;194,3;0,72;126,6;0,22;637;624;297;78;91;"18";"91";"0.122448979591837";"0.466248037676609";"0.0971184631803629";"0.197802197802198";"Breach";1487;182,8;0,67;"112.8";0,2;957;977;668;115;139;"19";"117";"0.120167189132706";"0.698014629049112";"0.0786819098856759";"0.162393162393162";"Brimstone";769;217;0,75;"133.6";0,23;577;494;227;90;72;"7";"54";"0.155979202772964";"0.393414211438475";"0.070221066319896";"0.12962962962963";"Chamber";0;0;0;0;0;0;0;0;0;0;"0";"0";"0";"0";"0";"0";"Cypher";41;195,5;0,59;"131.4";0,34;25;34;10;3;9;"1";"1";"0.12";"0.4";"0.024390243902439";"1";"Fade";0;0;0;0;0;0;0;0;0;0;"0";"0";"0";"0";"0";"0";"Jett";112;174,4;0;"110.1";0,16;67;84;17;12;19;"0";"4";"0.17910447761194";"0.253731343283582";"0.0357142857142857";"0";"Kay/O";250;155,8;0,68;106,5;0,17;116;190;126;16;29;"5";"20";"0.137931034482759";"1.08620689655172";"0.08";"0.25";"Killjoy";0;0;0;0;0;0;0;0;0;0;"0";"0";"0";"0";"0";"0";"Neon";0;0;0;0;0;0;0;0;0;0;"0";"0";"0";"0";"0";"0";"Omen";522;185,1;0,7;"117.1";0,18;325;338;177;43;53;"10";"41";"0.132307692307692";"0.544615384615385";"0.078544061302682";"0.24390243902439";"Phoenix";0;0;0;"0";0;0;0;0;0;0;"0";"0";"0";"0";"0";"0";"Raze";0;0;0;0;0;0;0;0;0;0;"0";"0";"0";"0";"0";"0";"Reyna";37;167,5;0,57;"103.6";0,24;19;27;9;6;8;"1";"2";"0.315789473684211";"0.473684210526316";"0.0540540540540541";"0.5";"Sage";136;186,1;0,66;121,2;0,19;86;90;51;6;9;"1";"3";"0.0697674418604651";"0.593023255813954";"0.0220588235294118";"0.333333333333333";"Skye";145;172,6;0,66;105,9;0,22;89;99;35;7;17;"2";"19";"0.0786516853932584";"0.393258426966292";"0.131034482758621";"0.105263157894737";"Sova";1200;193,9;0,74;"125.5";0,22;758;797;427;71;99;"12";"127";"0.0936675461741425";"0.563324538258575";"0.105833333333333";"0.094488188976378";"Viper";490;198;0,75;128,9;0,19;323;298;169;45;48;"4";"45";"0.139318885448916";"0.523219814241486";"0.0918367346938776";"0.0888888888888889";"Yoru";0;0;0;0;0;0;0;0;0;0;"0";"0";"0";"0";"0";"0"
"Derke";"Astra";0;0;0;0;0;0;0;0;0;0;"0";"0";"0";"0";"0";"0";"Breach";0;0;0;"0";0;0;0;0;0;0;"0";"0";"0";"0";"0";"0";"Brimstone";0;0;0;"0";0;0;0;0;0;0;"0";"0";"0";"0";"0";"0";"Chamber";880;260,3;0,73;167,3;0,27;827;565;120;170;124;"11";"65";"0.205562273276904";"0.145102781136638";"0.0738636363636364";"0.169230769230769";"Cypher";0;0;0;"0";0;0;0;0;0;0;"0";"0";"0";"0";"0";"0";"Fade";0;0;0;0;0;0;0;0;0;0;"0";"0";"0";"0";"0";"0";"Jett";2883;270,4;0,7;"162.6";0,28;2684;2135;490;724;540;"32";"179";"0.269746646795827";"0.182563338301043";"0.062088102670829";"0.17877094972067";"Kay/O";0;0;0;0;0;0;0;0;0;0;"0";"0";"0";"0";"0";"0";"Killjoy";0;0;0;0;0;0;0;0;0;0;"0";"0";"0";"0";"0";"0";"Neon";0;0;0;0;0;0;0;0;0;0;"0";"0";"0";"0";"0";"0";"Omen";159;272,4;0;"175.8";0,33;153;109;31;26;10;"3";"15";"0.169934640522876";"0.202614379084967";"0.0943396226415094";"0.2";"Phoenix";18;284;0;"181";0,33;18;11;3;2;1;"1";"1";"0.111111111111111";"0.166666666666667";"0.0555555555555556";"1";"Raze";1156;271,4;0,72;166;0,22;1039;842;248;287;215;"11";"70";"0.276227141482194";"0.238691049085659";"0.0605536332179931";"0.157142857142857";"Reyna";15;288;0,87;"175.3";0,35;17;9;1;4;0;"0";"0";"0.235294117647059";"0.0588235294117647";"0";"0";"Sage";153;262,6;0,82;147,2;0,23;140;101;55;24;15;"5";"13";"0.171428571428571";"0.392857142857143";"0.0849673202614379";"0.384615384615385";"Skye";44;153;0,57;102,1;0,25;22;39;13;2;8;"0";"6";"0.0909090909090909";"0.590909090909091";"0.136363636363636";"0";"Sova";483;239,3;0,76;"150.2";0,31;409;304;164;49;39;"14";"71";"0.119804400977995";"0.400977995110024";"0.146997929606625";"0.197183098591549";"Viper";0;0;0;0;0;0;0;0;0;0;"0";"0";"0";"0";"0";"0";"Yoru";0;0;0;0;0;0;0;0;0;0;"0";"0";"0";"0";"0";"0"
"Sayf";"Astra";0;0;0;0;0;0;0;0;0;0;"0";"0";"0";"0";"0";"0";"Breach";35;143;0;"0";0;16;29;8;5;0;"0";"0";"0.3125";"0.5";"0";"0";"Brimstone";0;0;0;"0";0;0;0;0;0;0;"0";"0";"0";"0";"0";"0";"Chamber";464;241,6;0,73;153,5;0,29;398;315;74;82;57;"6";"64";"0.206030150753769";"0.185929648241206";"0.137931034482759";"0.09375";"Cypher";1159;229,8;0,71;"140.4";0,22;962;748;292;100;88;"20";"107";"0.103950103950104";"0.303534303534304";"0.092320966350302";"0.186915887850467";"Fade";0;0;0;0;0;0;0;0;0;0;"0";"0";"0";"0";"0";"0";"Jett";964;252,1;0,75;"154.7";0,21;880;602;167;186;115;"14";"77";"0.211363636363636";"0.189772727272727";"0.0798755186721992";"0.181818181818182";"Kay/O";0;0;0;0;0;0;0;0;0;0;"0";"0";"0";"0";"0";"0";"Killjoy";735;216,3;0,7;143,9;0,19;563;463;124;76;55;"9";"86";"0.134991119005329";"0.220248667850799";"0.117006802721088";"0.104651162790698";"Neon";0;0;0;0;0;0;0;0;0;0;"0";"0";"0";"0";"0";"0";"Omen";0;0;0;"0";0;0;0;0;0;0;"0";"0";"0";"0";"0";"0";"Phoenix";295;246,6;0,71;"158.4";0,2;259;191;58;56;22;"4";"16";"0.216216216216216";"0.223938223938224";"0.0542372881355932";"0.25";"Raze";333;248,6;0,75;152,7;0,18;278;226;87;52;35;"2";"17";"0.18705035971223";"0.31294964028777";"0.0510510510510511";"0.117647058823529";"Reyna";70;259;0,73;"181.5";0,31;68;54;15;7;7;"0";"6";"0.102941176470588";"0.220588235294118";"0.0857142857142857";"0";"Sage";266;226,3;0;153,8;0,19;217;183;76;41;8;"2";"15";"0.188940092165899";"0.350230414746544";"0.056390977443609";"0.133333333333333";"Skye";428;201,8;0,69;130,6;0,26;318;279;107;33;38;"8";"47";"0.10377358490566";"0.336477987421384";"0.10981308411215";"0.170212765957447";"Sova";127;233,3;0;"105.6";0,09;101;86;43;12;2;"0";"2";"0.118811881188119";"0.425742574257426";"0.015748031496063";"0";"Viper";394;240,9;0,82;159,6;0,24;335;256;74;42;14;"9";"32";"0.125373134328358";"0.22089552238806";"0.0812182741116751";"0.28125";"Yoru";0;0;0;0;0;0;0;0;0;0;"0";"0";"0";"0";"0";"0"
"Jamppi";"Astra";129;229;0,8;148,3;0,25;107;80;41;19;8;"2";"17";"0.177570093457944";"0.383177570093458";"0.131782945736434";"0.117647058823529";"Breach";238;202,5;0,7;"127.6";0,27;178;165;26;28;19;"3";"23";"0.157303370786517";"0.146067415730337";"0.0966386554621849";"0.130434782608696";"Brimstone";19;229;0,95;"156.9";0,34;15;11;11;1;1;"0";"1";"0.0666666666666667";"0.733333333333333";"0.0526315789473684";"0";"Chamber";682;240,5;0,7;150,8;0,25;582;476;90;145;92;"14";"78";"0.24914089347079";"0.154639175257732";"0.114369501466276";"0.179487179487179";"Cypher";0;0;0;"0";0;0;0;0;0;0;"0";"0";"0";"0";"0";"0";"Fade";0;0;0;0;0;0;0;0;0;0;"0";"0";"0";"0";"0";"0";"Jett";1625;222,2;0,69;"131.5";0,23;1314;1096;228;322;294;"20";"95";"0.245053272450533";"0.17351598173516";"0.0584615384615385";"0.210526315789474";"Kay/O";0;0;0;0;0;0;0;0;0;0;"0";"0";"0";"0";"0";"0";"Killjoy";202;206,2;0,74;132,9;0,21;148;127;45;33;27;"2";"13";"0.222972972972973";"0.304054054054054";"0.0643564356435644";"0.153846153846154";"Neon";0;0;0;0;0;0;0;0;0;0;"0";"0";"0";"0";"0";"0";"Omen";633;209,4;0,72;"128.1";0,24;471;433;167;104;96;"11";"65";"0.220806794055202";"0.354564755838641";"0.102685624012638";"0.169230769230769";"Phoenix";0;0;0;"0";0;0;0;0;0;0;"0";"0";"0";"0";"0";"0";"Raze";0;0;0;0;0;0;0;0;0;0;"0";"0";"0";"0";"0";"0";"Reyna";0;0;0;"0";0;0;0;0;0;0;"0";"0";"0";"0";"0";"0";"Sage";58;177,3;0,66;119,9;0,3;35;43;13;6;9;"1";"5";"0.171428571428571";"0.371428571428571";"0.0862068965517241";"0.2";"Skye";87;212;0,6;129,6;0,23;64;71;12;13;11;"0";"6";"0.203125";"0.1875";"0.0689655172413793";"0";"Sova";604;217,9;0,73;"139.4";0,25;455;392;160;81;52;"11";"53";"0.178021978021978";"0.351648351648352";"0.0877483443708609";"0.207547169811321";"Viper";0;0;0;0;0;0;0;0;0;0;"0";"0";"0";"0";"0";"0";"Yoru";0;0;0;0;0;0;0;0;0;0;"0";"0";"0";"0";"0";"0"
"soulcas";"Astra";220;227,4;0,73;154,7;0,31;181;140;60;15;15;"5";"45";"0.0828729281767956";"0.331491712707182";"0.204545454545455";"0.111111111111111";"Breach";82;184;0,69;"111.3";0,34;56;55;27;2;8;"1";"5";"0.0357142857142857";"0.482142857142857";"0.0609756097560976";"0.2";"Brimstone";0;0;0;"0";0;0;0;0;0;0;"0";"0";"0";"0";"0";"0";"Chamber";0;0;0;0;0;0;0;0;0;0;"0";"0";"0";"0";"0";"0";"Cypher";0;0;0;"0";0;0;0;0;0;0;"0";"0";"0";"0";"0";"0";"Fade";507;179,5;0,76;119,1;0,32;322;328;178;17;30;"7";"65";"0.0527950310559006";"0.552795031055901";"0.128205128205128";"0.107692307692308";"Jett";15;358;0,93;"228.5";0,36;20;7;1;6;0;"0";"2";"0.3";"0.05";"0.133333333333333";"0";"Kay/O";281;204,4;0,76;134,5;0,34;198;201;122;22;24;"1";"21";"0.111111111111111";"0.616161616161616";"0.0747330960854092";"0.0476190476190476";"Killjoy";0;0;0;0;0;0;0;0;0;0;"0";"0";"0";"0";"0";"0";"Neon";127;193,5;0,65;132,3;0,2;85;93;22;17;18;"0";"7";"0.2";"0.258823529411765";"0.0551181102362205";"0";"Omen";43;155;0,72;"96.9";0,23;25;26;13;2;4;"1";"3";"0.08";"0.52";"0.0697674418604651";"0.333333333333333";"Phoenix";88;197,5;0;"117.5";0,27;65;59;21;13;12;"3";"3";"0.2";"0.323076923076923";"0.0340909090909091";"1";"Raze";1645;230,2;0,74;150,9;0,2;1275;1151;394;205;192;"9";"103";"0.16078431372549";"0.309019607843137";"0.0626139817629179";"0.087378640776699";"Reyna";233;279,5;0,72;"187";0,4;243;150;35;40;27;"2";"13";"0.164609053497942";"0.1440329218107";"0.055793991416309";"0.153846153846154";"Sage";66;167,7;0,64;108,5;0,32;36;45;22;5;11;"0";"3";"0.138888888888889";"0.611111111111111";"0.0454545454545455";"0";"Skye";1766;194,7;0,72;123,5;0,31;1230;1125;462;158;150;"26";"163";"0.128455284552846";"0.375609756097561";"0.0922989807474519";"0.159509202453988";"Sova";1274;188,2;0,79;"125.9";0,27;797;773;548;71;59;"13";"101";"0.0890840652446675";"0.687578419071518";"0.0792778649921507";"0.128712871287129";"Viper";114;209;0,75;134,6;0,3;83;73;30;10;7;"4";"14";"0.120481927710843";"0.36144578313253";"0.12280701754386";"0.285714285714286";"Yoru";0;0;0;0;0;0;0;0;0;0;"0";"0";"0";"0";"0";"0"
"Redgar";"Astra";801;190,5;0,74;124,4;0,29;546;527;248;67;66;"14";"92";"0.122710622710623";"0.454212454212454";"0.114856429463171";"0.152173913043478";"Breach";505;159,5;0,72;"102.7";0,25;287;353;208;25;38;"9";"42";"0.0871080139372822";"0.724738675958188";"0.0831683168316832";"0.214285714285714";"Brimstone";23;167;0,7;"105.3";0,3;14;17;5;1;5;"0";"0";"0.0714285714285714";"0.357142857142857";"0";"0";"Chamber";0;0;0;0;0;0;0;0;0;0;"0";"0";"0";"0";"0";"0";"Cypher";0;0;0;"0";0;0;0;0;0;0;"0";"0";"0";"0";"0";"0";"Fade";39;181,5;0,59;116,3;0,37;24;29;14;2;1;"1";"5";"0.0833333333333333";"0.583333333333333";"0.128205128205128";"0.2";"Jett";16;228;0,75;"129.1";0,18;11;10;5;3;5;"0";"1";"0.272727272727273";"0.454545454545455";"0.0625";"0";"Kay/O";178;199,6;0,7;124,9;0,27;123;124;63;16;19;"2";"12";"0.130081300813008";"0.51219512195122";"0.0674157303370786";"0.166666666666667";"Killjoy";0;0;0;0;0;0;0;0;0;0;"0";"0";"0";"0";"0";"0";"Neon";0;0;0;0;0;0;0;0;0;0;"0";"0";"0";"0";"0";"0";"Omen";1496;193,4;0,74;"120.2";0,29;1030;959;360;163;133;"10";"110";"0.158252427184466";"0.349514563106796";"0.0735294117647059";"0.0909090909090909";"Phoenix";0;0;0;"0";0;0;0;0;0;0;"0";"0";"0";"0";"0";"0";"Raze";0;0;0;0;0;0;0;0;0;0;"0";"0";"0";"0";"0";"0";"Reyna";44;253,5;0,7;"154.5";0,3;43;29;5;14;6;"1";"4";"0.325581395348837";"0.116279069767442";"0.0909090909090909";"0.25";"Sage";169;148,5;0,72;100,3;0,33;85;114;64;13;16;"3";"11";"0.152941176470588";"0.752941176470588";"0.0650887573964497";"0.272727272727273";"Skye";246;172,5;0,74;104,7;0,33;151;168;69;20;18;"2";"16";"0.132450331125828";"0.456953642384106";"0.0650406504065041";"0.125";"Sova";2367;185,4;0,73;"123.7";0,28;1515;1564;688;170;179;"39";"242";"0.112211221122112";"0.454125412541254";"0.102239121250528";"0.161157024793388";"Viper";337;160,6;0,73;105,3;0,25;178;226;77;23;31;"4";"24";"0.129213483146067";"0.432584269662921";"0.0712166172106825";"0.166666666666667";"Yoru";0;0;0;0;0;0;0;0;0;0;"0";"0";"0";"0";"0";"0"
"nAts";"Astra";273;233,8;0,76;157,9;0,36;229;178;83;16;14;"6";"36";"0.0698689956331878";"0.362445414847162";"0.131868131868132";"0.166666666666667";"Breach";0;0;0;"0";0;0;0;0;0;0;"0";"0";"0";"0";"0";"0";"Brimstone";0;0;0;"0";0;0;0;0;0;0;"0";"0";"0";"0";"0";"0";"Chamber";104;271,2;0,76;167,3;0,28;105;77;14;21;7;"2";"13";"0.2";"0.133333333333333";"0.125";"0.153846153846154";"Cypher";4005;229,9;0,75;"144.2";0,31;3312;2508;938;415;299;"74";"371";"0.12530193236715";"0.283212560386473";"0.0926342072409488";"0.199460916442049";"Fade";0;0;0;0;0;0;0;0;0;0;"0";"0";"0";"0";"0";"0";"Jett";0;0;0;"0";0;0;0;0;0;0;"0";"0";"0";"0";"0";"0";"Kay/O";107;196,2;0,79;125,9;0,31;73;78;44;6;8;"0";"12";"0.0821917808219178";"0.602739726027397";"0.11214953271028";"0";"Killjoy";414;226,6;0,75;145,5;0,21;324;254;75;42;31;"4";"46";"0.12962962962963";"0.231481481481481";"0.111111111111111";"0.0869565217391304";"Neon";0;0;0;0;0;0;0;0;0;0;"0";"0";"0";"0";"0";"0";"Omen";84;171,8;0,74;"113.2";0,26;54;57;18;4;7;"3";"10";"0.0740740740740741";"0.333333333333333";"0.119047619047619";"0.3";"Phoenix";0;0;0;"0";0;0;0;0;0;0;"0";"0";"0";"0";"0";"0";"Raze";0;0;0;0;0;0;0;0;0;0;"0";"0";"0";"0";"0";"0";"Reyna";0;0;0;"0";0;0;0;0;0;0;"0";"0";"0";"0";"0";"0";"Sage";48;130;0,65;80,3;0,29;20;34;19;1;8;"1";"1";"0.05";"0.95";"0.0208333333333333";"1";"Skye";0;0;0;0;0;0;0;0;0;0;"0";"0";"0";"0";"0";"0";"Sova";0;0;0;"0";0;0;0;0;0;0;"0";"0";"0";"0";"0";"0";"Viper";1396;225,3;0,75;143;0,28;1091;895;439;118;120;"20";"145";"0.108157653528873";"0.402383134738772";"0.103868194842407";"0.137931034482759";"Yoru";0;0;0;0;0;0;0;0;0;0;"0";"0";"0";"0";"0";"0"
"MOLSI";"Astra";0;0;0;0;0;0;0;0;0;0;"0";"0";"0";"0";"0";"0";"Breach";66;187,7;0,7;"116";0,25;39;47;26;6;4;"0";"6";"0.153846153846154";"0.666666666666667";"0.0909090909090909";"0";"Brimstone";189;234,2;0,53;"140.3";0,27;151;140;28;26;14;"2";"12";"0.172185430463576";"0.185430463576159";"0.0634920634920635";"0.166666666666667";"Chamber";0;0;0;0;0;0;0;0;0;0;"0";"0";"0";"0";"0";"0";"Cypher";17;302;0;"0";0;19;10;4;2;0;"0";"0";"0.105263157894737";"0.210526315789474";"0";"0";"Fade";19;272;0,84;170,4;0,36;19;16;6;2;0;"0";"5";"0.105263157894737";"0.315789473684211";"0.263157894736842";"0";"Jett";87;265;0,63;"157.7";0,23;79;70;14;19;13;"0";"8";"0.240506329113924";"0.177215189873418";"0.0919540229885057";"0";"Kay/O";274;217;0,73;144,9;0,29;208;199;103;29;24;"2";"27";"0.139423076923077";"0.495192307692308";"0.0985401459854015";"0.0740740740740741";"Killjoy";0;0;0;0;0;0;0;0;0;0;"0";"0";"0";"0";"0";"0";"Neon";16;147;0,31;99,4;0,18;7;14;3;1;5;"1";"4";"0.142857142857143";"0.428571428571429";"0.25";"0.25";"Omen";303;214,5;0;"132.9";0,3;234;204;81;35;39;"10";"35";"0.14957264957265";"0.346153846153846";"0.115511551155116";"0.285714285714286";"Phoenix";14;306;0,86;"166.8";0,17;16;5;4;5;1;"0";"0";"0.3125";"0.25";"0";"0";"Raze";905;270,3;0,76;171,6;0,2;830;628;188;120;109;"15";"72";"0.144578313253012";"0.226506024096386";"0.0795580110497238";"0.208333333333333";"Reyna";270;282,2;0,77;"185.9";0,32;280;176;56;45;31;"3";"20";"0.160714285714286";"0.2";"0.0740740740740741";"0.15";"Sage";93;247,6;0,86;160,8;0,29;80;57;36;16;7;"2";"5";"0.2";"0.45";"0.0537634408602151";"0.4";"Skye";650;222,3;0,76;142,1;0,32;537;425;183;70;50;"12";"74";"0.130353817504655";"0.340782122905028";"0.113846153846154";"0.162162162162162";"Sova";2737;233,8;0,79;"154.6";0,28;2216;1640;1022;277;169;"59";"329";"0.125";"0.461191335740072";"0.120204603580563";"0.179331306990881";"Viper";19;337;0,68;188,6;0,25;22;15;3;2;2;"1";"3";"0.0909090909090909";"0.136363636363636";"0.157894736842105";"0.333333333333333";"Yoru";21;155;0,62;116,4;0,29;9;19;6;1;6;"0";"3";"0.111111111111111";"0.666666666666667";"0.142857142857143";"0"
"ceNder";"Astra";523;221,6;0,74;140,6;0,27;402;338;147;51;44;"10";"58";"0.126865671641791";"0.365671641791045";"0.110898661567878";"0.172413793103448";"Breach";1823;185,2;0,8;"115.9";0,28;1215;1127;853;110;93;"42";"217";"0.0905349794238683";"0.702057613168724";"0.119034558420187";"0.193548387096774";"Brimstone";47;281;0,77;"181.2";0,24;44;33;11;6;3;"1";"5";"0.136363636363636";"0.25";"0.106382978723404";"0.2";"Chamber";593;229,6;0,71;143,1;0,3;506;387;65;79;71;"18";"81";"0.156126482213439";"0.128458498023715";"0.136593591905565";"0.222222222222222";"Cypher";952;221,6;0,71;"144.2";0,29;742;635;195;99;83;"17";"107";"0.133423180592992";"0.262803234501348";"0.112394957983193";"0.158878504672897";"Fade";0;0;0;0;0;0;0;0;0;0;"0";"0";"0";"0";"0";"0";"Jett";59;193,3;0;"117.6";0,23;40;34;9;9;5;"2";"6";"0.225";"0.225";"0.101694915254237";"0.333333333333333";"Kay/O";0;0;0;0;0;0;0;0;0;0;"0";"0";"0";"0";"0";"0";"Killjoy";378;212,4;0,7;134,4;0,24;292;250;67;21;34;"8";"40";"0.0719178082191781";"0.229452054794521";"0.105820105820106";"0.2";"Neon";0;0;0;0;0;0;0;0;0;0;"0";"0";"0";"0";"0";"0";"Omen";410;225,2;0,72;"137.1";0,3;318;273;93;53;41;"3";"39";"0.166666666666667";"0.292452830188679";"0.0951219512195122";"0.0769230769230769";"Phoenix";0;0;0;"0";0;0;0;0;0;0;"0";"0";"0";"0";"0";"0";"Raze";0;0;0;0;0;0;0;0;0;0;"0";"0";"0";"0";"0";"0";"Reyna";0;0;0;"0";0;0;0;0;0;0;"0";"0";"0";"0";"0";"0";"Sage";720;201,9;0,72;130;0,29;535;455;224;71;60;"10";"65";"0.132710280373832";"0.418691588785047";"0.0902777777777778";"0.153846153846154";"Skye";0;0;0;0;0;0;0;0;0;0;"0";"0";"0";"0";"0";"0";"Sova";0;0;0;"0";0;0;0;0;0;0;"0";"0";"0";"0";"0";"0";"Viper";506;214,5;0,69;135,8;0,3;367;336;160;46;48;"12";"68";"0.125340599455041";"0.435967302452316";"0.134387351778656";"0.176470588235294";"Yoru";0;0;0;0;0;0;0;0;0;0;"0";"0";"0";"0";"0";"0"
"BONECOLD";"Astra";277;156,3;0,69;95,1;0,26;155;180;76;18;30;"4";"15";"0.116129032258065";"0.490322580645161";"0.0541516245487365";"0.266666666666667";"Breach";212;201,5;0,75;"118";0,27;156;146;65;21;17;"2";"13";"0.134615384615385";"0.416666666666667";"0.0613207547169811";"0.153846153846154";"Brimstone";871;188,1;0,76;"114.8";0,3;589;569;235;69;89;"16";"75";"0.117147707979626";"0.398981324278438";"0.0861079219288175";"0.213333333333333";"Chamber";0;0;0;0;0;0;0;0;0;0;"0";"0";"0";"0";"0";"0";"Cypher";0;0;0;"0";0;0;0;0;0;0;"0";"0";"0";"0";"0";"0";"Fade";56;150,3;0,68;100,3;0,24;26;44;26;4;6;"0";"7";"0.153846153846154";"1";"0.125";"0";"Jett";0;0;0;"0";0;0;0;0;0;0;"0";"0";"0";"0";"0";"0";"Kay/O";104;167;0,71;113,3;0,25;61;65;49;10;14;"5";"11";"0.163934426229508";"0.80327868852459";"0.105769230769231";"0.454545454545455";"Killjoy";36;95,5;0,5;73,9;0,3;9;28;6;1;3;"0";"6";"0.111111111111111";"0.666666666666667";"0.166666666666667";"0";"Neon";0;0;0;0;0;0;0;0;0;0;"0";"0";"0";"0";"0";"0";"Omen";1880;196,5;0,72;"119.9";0,29;1289;1278;498;226;216;"30";"138";"0.17532971295578";"0.386346004654771";"0.0734042553191489";"0.217391304347826";"Phoenix";0;0;0;"0";0;0;0;0;0;0;"0";"0";"0";"0";"0";"0";"Raze";52;231,3;0,71;137,3;0,11;41;38;13;8;7;"0";"2";"0.195121951219512";"0.317073170731707";"0.0384615384615385";"0";"Reyna";0;0;0;"0";0;0;0;0;0;0;"0";"0";"0";"0";"0";"0";"Sage";42;163,5;0,64;103,5;0,37;24;32;7;2;3;"2";"5";"0.0833333333333333";"0.291666666666667";"0.119047619047619";"0.4";"Skye";75;142,3;0,61;94;0,27;36;53;14;6;10;"0";"9";"0.166666666666667";"0.388888888888889";"0.12";"0";"Sova";936;194,6;0,77;"129.1";0,29;641;569;265;79;80;"26";"134";"0.123244929797192";"0.413416536661466";"0.143162393162393";"0.194029850746269";"Viper";639;208,3;0,73;132,3;0,31;466;406;158;63;64;"19";"61";"0.13519313304721";"0.339055793991416";"0.0954616588419405";"0.311475409836066";"Yoru";0;0;0;0;0;0;0;0;0;0;"0";"0";"0";"0";"0";"0"
"Twisten";"Astra";0;0;0;0;0;0;0;0;0;0;"0";"0";"0";"0";"0";"0";"Breach";17;178;0;"0";0;10;14;7;0;0;"0";"0";"0";"0.7";"0";"0";"Brimstone";18;191;0;"0";0;13;11;6;1;0;"0";"0";"0.0769230769230769";"0.461538461538462";"0";"0";"Chamber";0;0;0;0;0;0;0;0;0;0;"0";"0";"0";"0";"0";"0";"Cypher";178;201,9;0,67;"138.2";0,32;126;127;43;17;16;"1";"18";"0.134920634920635";"0.341269841269841";"0.101123595505618";"0.0555555555555556";"Fade";0;0;0;0;0;0;0;0;0;0;"0";"0";"0";"0";"0";"0";"Jett";1887;263,5;0,71;"161.9";0,28;1753;1346;248;447;298;"26";"179";"0.25499144324016";"0.141471762692527";"0.0948595654478007";"0.145251396648045";"Kay/O";131;185,7;0,69;129,4;0,31;90;87;55;18;12;"2";"11";"0.2";"0.611111111111111";"0.083969465648855";"0.181818181818182";"Killjoy";17;227;0,53;155,1;0,31;13;14;2;3;2;"0";"2";"0.230769230769231";"0.153846153846154";"0.117647058823529";"0";"Neon";0;0;0;0;0;0;0;0;0;0;"0";"0";"0";"0";"0";"0";"Omen";37;149,5;0,62;"96.7";0,32;21;27;11;0;9;"0";"4";"0";"0.523809523809524";"0.108108108108108";"0";"Phoenix";0;0;0;"0";0;0;0;0;0;0;"0";"0";"0";"0";"0";"0";"Raze";2776;273;0,74;171;0,23;2603;1982;588;561;395;"42";"225";"0.215520553207837";"0.225893200153669";"0.0810518731988473";"0.186666666666667";"Reyna";68;270,3;0,77;"169.5";0,31;66;48;11;11;11;"1";"9";"0.166666666666667";"0.166666666666667";"0.132352941176471";"0.111111111111111";"Sage";0;0;0;0;0;0;0;0;0;0;"0";"0";"0";"0";"0";"0";"Skye";0;0;0;0;0;0;0;0;0;0;"0";"0";"0";"0";"0";"0";"Sova";72;184;0,76;"124.1";0,27;42;41;28;6;4;"1";"9";"0.142857142857143";"0.666666666666667";"0.125";"0.111111111111111";"Viper";94;194,5;0,8;140;0,29;83;73;47;10;7;"2";"16";"0.120481927710843";"0.566265060240964";"0.170212765957447";"0.125";"Yoru";0;0;0;0;0;0;0;0;0;0;"0";"0";"0";"0";"0";"0"
"Destrian";"Astra";703;215,3;0,78;135,7;0,26;535;437;236;73;48;"10";"60";"0.136448598130841";"0.441121495327103";"0.085348506401138";"0.166666666666667";"Breach";1147;174,7;0,75;"117.6";0,26;700;742;483;79;75;"16";"99";"0.112857142857143";"0.69";"0.0863121185701831";"0.161616161616162";"Brimstone";372;216,3;0,83;"128.2";0,21;291;214;127;40;35;"6";"27";"0.13745704467354";"0.436426116838488";"0.0725806451612903";"0.222222222222222";"Chamber";0;0;0;0;0;0;0;0;0;0;"0";"0";"0";"0";"0";"0";"Cypher";0;0;0;"0";0;0;0;0;0;0;"0";"0";"0";"0";"0";"0";"Fade";270;161,7;0,7;107,6;0,25;153;191;99;14;24;"8";"37";"0.0915032679738562";"0.647058823529412";"0.137037037037037";"0.216216216216216";"Jett";0;0;0;"0";0;0;0;0;0;0;"0";"0";"0";"0";"0";"0";"Kay/O";0;0;0;0;0;0;0;0;0;0;"0";"0";"0";"0";"0";"0";"Killjoy";87;239;0,77;153,3;0,23;75;55;18;10;7;"3";"12";"0.133333333333333";"0.24";"0.137931034482759";"0.25";"Neon";0;0;0;0;0;0;0;0;0;0;"0";"0";"0";"0";"0";"0";"Omen";328;205,5;0;"132.6";0,2;245;192;96;31;33;"5";"26";"0.126530612244898";"0.391836734693878";"0.0792682926829268";"0.192307692307692";"Phoenix";0;0;0;"0";0;0;0;0;0;0;"0";"0";"0";"0";"0";"0";"Raze";0;0;0;0;0;0;0;0;0;0;"0";"0";"0";"0";"0";"0";"Reyna";0;0;0;"0";0;0;0;0;0;0;"0";"0";"0";"0";"0";"0";"Sage";462;186,8;0,75;123,2;0,21;301;290;159;27;15;"7";"20";"0.0897009966777409";"0.528239202657807";"0.0432900432900433";"0.35";"Skye";20;193;0,7;122,2;0,32;13;13;6;1;1;"0";"4";"0.0769230769230769";"0.461538461538462";"0.2";"0";"Sova";1196;197,9;0,76;"133.7";0,24;818;738;436;95;67;"19";"135";"0.116136919315403";"0.533007334963325";"0.112876254180602";"0.140740740740741";"Viper";104;177,6;0;115,5;0,21;66;70;19;11;6;"1";"12";"0.166666666666667";"0.287878787878788";"0.115384615384615";"0.0833333333333333";"Yoru";0;0;0;0;0;0;0;0;0;0;"0";"0";"0";"0";"0";"0"
"ScreaM";"Astra";0;0;0;0;0;0;0;0;0;0;"0";"0";"0";"0";"0";"0";"Breach";230;259,8;0;"0";0;207;179;69;30;0;"0";"0";"0.144927536231884";"0.333333333333333";"0";"0";"Brimstone";0;0;0;"0";0;0;0;0;0;0;"0";"0";"0";"0";"0";"0";"Chamber";0;0;0;0;0;0;0;0;0;0;"0";"0";"0";"0";"0";"0";"Cypher";0;0;0;"0";0;0;0;0;0;0;"0";"0";"0";"0";"0";"0";"Fade";0;0;0;0;0;0;0;0;0;0;"0";"0";"0";"0";"0";"0";"Jett";1871;268,7;0,72;"168.3";0,34;1744;1294;334;401;256;"25";"138";"0.22993119266055";"0.19151376146789";"0.0737573490112239";"0.181159420289855";"Kay/O";249;214,6;0,76;139,5;0,34;185;167;113;15;12;"2";"28";"0.0810810810810811";"0.610810810810811";"0.112449799196787";"0.0714285714285714";"Killjoy";0;0;0;0;0;0;0;0;0;0;"0";"0";"0";"0";"0";"0";"Neon";0;0;0;0;0;0;0;0;0;0;"0";"0";"0";"0";"0";"0";"Omen";0;0;0;"0";0;0;0;0;0;0;"0";"0";"0";"0";"0";"0";"Phoenix";852;289,1;0,79;"179.9";0,32;834;562;228;159;90;"13";"83";"0.190647482014388";"0.273381294964029";"0.0974178403755869";"0.156626506024096";"Raze";725;226,6;0,7;153,4;0,25;551;525;139;90;92;"10";"57";"0.163339382940109";"0.252268602540835";"0.0786206896551724";"0.175438596491228";"Reyna";1361;283,3;0,77;"174.8";0,35;1342;919;296;248;109;"8";"84";"0.184798807749627";"0.220566318926975";"0.0617193240264511";"0.0952380952380952";"Sage";762;248,8;0,75;152,3;0,35;665;513;194;97;58;"3";"65";"0.145864661654135";"0.291729323308271";"0.0853018372703412";"0.0461538461538462";"Skye";127;189,5;0,69;128,3;0,36;85;84;29;5;8;"1";"19";"0.0588235294117647";"0.341176470588235";"0.149606299212598";"0.0526315789473684";"Sova";0;0;0;"0";0;0;0;0;0;0;"0";"0";"0";"0";"0";"0";"Viper";0;0;0;0;0;0;0;0;0;0;"0";"0";"0";"0";"0";"0";"Yoru";0;0;0;0;0;0;0;0;0;0;"0";"0";"0";"0";"0";"0"
"xms";"Astra";445;210;0,73;140,5;0,31;341;303;127;30;26;"20";"83";"0.0879765395894428";"0.372434017595308";"0.186516853932584";"0.240963855421687";"Breach";0;0;0;"0";0;0;0;0;0;0;"0";"0";"0";"0";"0";"0";"Brimstone";291;196,4;0,73;"129";0,3;208;186;87;14;19;"7";"42";"0.0673076923076923";"0.418269230769231";"0.144329896907216";"0.166666666666667";"Chamber";605;235,9;0,78;155,1;0,27;535;343;80;86;51;"22";"98";"0.160747663551402";"0.149532710280374";"0.16198347107438";"0.224489795918367";"Cypher";0;0;0;"0";0;0;0;0;0;0;"0";"0";"0";"0";"0";"0";"Fade";0;0;0;0;0;0;0;0;0;0;"0";"0";"0";"0";"0";"0";"Jett";20;308;0,95;"163.3";0,12;22;8;4;3;0;"0";"1";"0.136363636363636";"0.181818181818182";"0.05";"0";"Kay/O";49;284;0,82;196,4;0,4;50;35;18;4;1;"1";"9";"0.08";"0.36";"0.183673469387755";"0.111111111111111";"Killjoy";26;217;0,73;150,9;0,29;20;20;3;2;1;"2";"7";"0.1";"0.15";"0.269230769230769";"0.285714285714286";"Neon";0;0;0;0;0;0;0;0;0;0;"0";"0";"0";"0";"0";"0";"Omen";813;203,7;0,75;"129.2";0,29;603;543;147;66;70;"16";"105";"0.109452736318408";"0.243781094527363";"0.129151291512915";"0.152380952380952";"Phoenix";16;254;0,81;"161.2";0,2;14;9;8;3;4;"1";"1";"0.214285714285714";"0.571428571428571";"0.0625";"1";"Raze";0;0;0;0;0;0;0;0;0;0;"0";"0";"0";"0";"0";"0";"Reyna";208;300,2;0,72;"181.6";0,31;214;135;46;37;26;"3";"18";"0.172897196261682";"0.214953271028037";"0.0865384615384615";"0.166666666666667";"Sage";275;183,4;0,67;113,9;0,28;175;182;90;24;23;"3";"16";"0.137142857142857";"0.514285714285714";"0.0581818181818182";"0.1875";"Skye";0;0;0;0;0;0;0;0;0;0;"0";"0";"0";"0";"0";"0";"Sova";0;0;0;"0";0;0;0;0;0;0;"0";"0";"0";"0";"0";"0";"Viper";23;204;0,78;130,3;0,22;17;14;9;1;1;"1";"3";"0.0588235294117647";"0.529411764705882";"0.130434782608696";"0.333333333333333";"Yoru";0;0;0;0;0;0;0;0;0;0;"0";"0";"0";"0";"0";"0"
"Newzera";"Astra";0;0;0;0;0;0;0;0;0;0;"0";"0";"0";"0";"0";"0";"Breach";1117;183,9;0,8;"120.5";0,36;795;655;406;48;38;"25";"185";"0.060377358490566";"0.510691823899371";"0.165622202327663";"0.135135135135135";"Brimstone";0;0;0;"0";0;0;0;0;0;0;"0";"0";"0";"0";"0";"0";"Chamber";0;0;0;0;0;0;0;0;0;0;"0";"0";"0";"0";"0";"0";"Cypher";134;197,9;0,66;"127";0,31;93;95;18;14;14;"1";"18";"0.150537634408602";"0.193548387096774";"0.134328358208955";"0.0555555555555556";"Fade";0;0;0;0;0;0;0;0;0;0;"0";"0";"0";"0";"0";"0";"Jett";636;231;0,7;"140.9";0,27;526;422;96;94;88;"10";"63";"0.178707224334601";"0.182509505703422";"0.0990566037735849";"0.158730158730159";"Kay/O";153;180;0,76;119,5;0,32;95;106;74;8;11;"1";"20";"0.0842105263157895";"0.778947368421053";"0.130718954248366";"0.05";"Killjoy";59;261,7;0;172,8;0,26;52;39;12;3;3;"2";"8";"0.0576923076923077";"0.230769230769231";"0.135593220338983";"0.25";"Neon";0;0;0;0;0;0;0;0;0;0;"0";"0";"0";"0";"0";"0";"Omen";245;200,3;0;"129.5";0,32;175;188;66;23;26;"3";"22";"0.131428571428571";"0.377142857142857";"0.0897959183673469";"0.136363636363636";"Phoenix";66;246,3;0,85;"141.5";0,35;60;34;15;8;6;"0";"5";"0.133333333333333";"0.25";"0.0757575757575758";"0";"Raze";36;248,5;0,83;166,6;0,17;32;19;6;12;4;"1";"3";"0.375";"0.1875";"0.0833333333333333";"0.333333333333333";"Reyna";33;200,5;0,67;"144.2";0,46;26;23;2;1;4;"0";"5";"0.0384615384615385";"0.0769230769230769";"0.151515151515152";"0";"Sage";428;223;0,79;130,3;0,31;338;246;134;55;26;"8";"44";"0.162721893491124";"0.396449704142012";"0.102803738317757";"0.181818181818182";"Skye";765;206,6;0,74;129,5;0,34;580;481;180;67;64;"17";"81";"0.11551724137931";"0.310344827586207";"0.105882352941176";"0.209876543209877";"Sova";432;177,7;0,77;"119.6";0,35;281;253;143;16;21;"13";"75";"0.0569395017793594";"0.508896797153025";"0.173611111111111";"0.173333333333333";"Viper";19;165;0,63;96,5;0,41;11;13;1;3;2;"0";"4";"0.272727272727273";"0.0909090909090909";"0.210526315789474";"0";"Yoru";0;0;0;0;0;0;0;0;0;0;"0";"0";"0";"0";"0";"0"
"SHIN";"Astra";1644;199,5;0,77;129;0,33;1227;1044;523;130;122;"35";"179";"0.105949470252649";"0.426242868785656";"0.108880778588808";"0.195530726256983";"Breach";21;234;0;"146.7";0,24;18;17;5;3;4;"0";"3";"0.166666666666667";"0.277777777777778";"0.142857142857143";"0";"Brimstone";189;215,7;0,72;"134.1";0,37;139;121;67;18;14;"4";"19";"0.129496402877698";"0.482014388489209";"0.100529100529101";"0.210526315789474";"Chamber";21;182;0,71;129,6;0,36;15;15;3;1;1;"0";"5";"0.0666666666666667";"0.2";"0.238095238095238";"0";"Cypher";21;127;0,52;"87.8";0,21;9;15;4;0;3;"0";"6";"0";"0.444444444444444";"0.285714285714286";"0";"Fade";0;0;0;0;0;0;0;0;0;0;"0";"0";"0";"0";"0";"0";"Jett";31;181;0,65;"138.2";0,48;22;25;2;4;7;"0";"2";"0.181818181818182";"0.0909090909090909";"0.0645161290322581";"0";"Kay/O";0;0;0;0;0;0;0;0;0;0;"0";"0";"0";"0";"0";"0";"Killjoy";0;0;0;0;0;0;0;0;0;0;"0";"0";"0";"0";"0";"0";"Neon";0;0;0;0;0;0;0;0;0;0;"0";"0";"0";"0";"0";"0";"Omen";758;186,4;0,74;"117.3";0,31;511;505;209;69;73;"12";"84";"0.135029354207436";"0.409001956947162";"0.110817941952507";"0.142857142857143";"Phoenix";0;0;0;"0";0;0;0;0;0;0;"0";"0";"0";"0";"0";"0";"Raze";66;216,3;0,6;151,7;0,18;48;44;14;4;8;"2";"5";"0.0833333333333333";"0.291666666666667";"0.0757575757575758";"0.4";"Reyna";19;185;0,74;"120.9";0,3;13;11;1;1;2;"0";"3";"0.0769230769230769";"0.0769230769230769";"0.157894736842105";"0";"Sage";53;199,7;0;116,7;0,37;33;45;13;3;9;"0";"7";"0.0909090909090909";"0.393939393939394";"0.132075471698113";"0";"Skye";0;0;0;0;0;0;0;0;0;0;"0";"0";"0";"0";"0";"0";"Sova";935;186,8;0,72;"123.4";0,3;591;602;357;44;63;"25";"126";"0.0744500846023689";"0.604060913705584";"0.13475935828877";"0.198412698412698";"Viper";491;200;0,73;128,1;0,34;344;330;131;30;34;"10";"55";"0.0872093023255814";"0.380813953488372";"0.112016293279022";"0.181818181818182";"Yoru";0;0;0;0;0;0;0;0;0;0;"0";"0";"0";"0";"0";"0"
"Nivera";"Astra";0;0;0;0;0;0;0;0;0;0;"0";"0";"0";"0";"0";"0";"Breach";116;179,8;0,65;"112.6";0,27;71;85;35;5;8;"0";"13";"0.0704225352112676";"0.492957746478873";"0.112068965517241";"0";"Brimstone";62;190,7;0,6;"130.4";0,31;42;44;24;5;5;"1";"3";"0.119047619047619";"0.571428571428571";"0.0483870967741935";"0.333333333333333";"Chamber";342;226,4;0,73;139,2;0,25;283;199;34;58;33;"7";"57";"0.204946996466431";"0.120141342756184";"0.166666666666667";"0.12280701754386";"Cypher";303;174,3;0,7;"117.1";0,29;196;195;39;28;30;"3";"25";"0.142857142857143";"0.198979591836735";"0.0825082508250825";"0.12";"Fade";0;0;0;0;0;0;0;0;0;0;"0";"0";"0";"0";"0";"0";"Jett";0;0;0;"0";0;0;0;0;0;0;"0";"0";"0";"0";"0";"0";"Kay/O";171;176,8;0,73;115,1;0,37;106;119;56;15;19;"1";"11";"0.141509433962264";"0.528301886792453";"0.064327485380117";"0.0909090909090909";"Killjoy";319;196,1;0,74;126,6;0,21;227;191;38;31;21;"7";"36";"0.136563876651982";"0.167400881057269";"0.112852664576803";"0.194444444444444";"Neon";0;0;0;0;0;0;0;0;0;0;"0";"0";"0";"0";"0";"0";"Omen";0;0;0;"0";0;0;0;0;0;0;"0";"0";"0";"0";"0";"0";"Phoenix";0;0;0;"0";0;0;0;0;0;0;"0";"0";"0";"0";"0";"0";"Raze";0;0;0;0;0;0;0;0;0;0;"0";"0";"0";"0";"0";"0";"Reyna";0;0;0;"0";0;0;0;0;0;0;"0";"0";"0";"0";"0";"0";"Sage";0;0;0;0;0;0;0;0;0;0;"0";"0";"0";"0";"0";"0";"Skye";0;0;0;0;0;0;0;0;0;0;"0";"0";"0";"0";"0";"0";"Sova";98;241,6;0,85;"160.2";0,33;87;54;39;9;3;"5";"11";"0.103448275862069";"0.448275862068966";"0.112244897959184";"0.454545454545455";"Viper";876;185,4;0,72;125;0,31;581;560;231;41;64;"21";"108";"0.0705679862306368";"0.397590361445783";"0.123287671232877";"0.194444444444444";"Yoru";0;0;0;0;0;0;0;0;0;0;"0";"0";"0";"0";"0";"0"
"keloqz";"Astra";0;0;0;0;0;0;0;0;0;0;"0";"0";"0";"0";"0";"0";"Breach";19;82;0,47;"59.1";0,46;6;18;5;0;2;"0";"4";"0";"0.833333333333333";"0.210526315789474";"0";"Brimstone";0;0;0;"0";0;0;0;0;0;0;"0";"0";"0";"0";"0";"0";"Chamber";257;250,1;0,72;157;0,28;231;188;31;45;32;"3";"33";"0.194805194805195";"0.134199134199134";"0.1284046692607";"0.0909090909090909";"Cypher";0;0;0;"0";0;0;0;0;0;0;"0";"0";"0";"0";"0";"0";"Fade";0;0;0;0;0;0;0;0;0;0;"0";"0";"0";"0";"0";"0";"Jett";3031;240;0,69;"145.4";0,27;2560;2204;404;616;475;"32";"261";"0.240625";"0.1578125";"0.0861101946552293";"0.122605363984674";"Kay/O";0;0;0;0;0;0;0;0;0;0;"0";"0";"0";"0";"0";"0";"Killjoy";0;0;0;0;0;0;0;0;0;0;"0";"0";"0";"0";"0";"0";"Neon";0;0;0;0;0;0;0;0;0;0;"0";"0";"0";"0";"0";"0";"Omen";20;332;0;"201.7";0,46;24;15;3;3;2;"0";"2";"0.125";"0.125";"0.1";"0";"Phoenix";0;0;0;"0";0;0;0;0;0;0;"0";"0";"0";"0";"0";"0";"Raze";138;203,6;0,71;128,8;0,21;89;105;23;21;27;"1";"12";"0.235955056179775";"0.258426966292135";"0.0869565217391304";"0.0833333333333333";"Reyna";37;219,5;0,57;"121.6";0,26;28;30;6;9;6;"0";"2";"0.321428571428571";"0.214285714285714";"0.0540540540540541";"0";"Sage";110;228;0,69;142,3;0,29;88;78;23;10;13;"0";"14";"0.113636363636364";"0.261363636363636";"0.127272727272727";"0";"Skye";199;206,2;0,66;125,7;0,35;150;154;30;25;25;"1";"16";"0.166666666666667";"0.2";"0.0804020100502513";"0.0625";"Sova";0;0;0;"0";0;0;0;0;0;0;"0";"0";"0";"0";"0";"0";"Viper";0;0;0;0;0;0;0;0;0;0;"0";"0";"0";"0";"0";"0";"Yoru";0;0;0;0;0;0;0;0;0;0;"0";"0";"0";"0";"0";"0"
"zeek";"Astra";78;229,8;0,79;134,7;0,29;65;51;18;8;1;"1";"9";"0.123076923076923";"0.276923076923077";"0.115384615384615";"0.111111111111111";"Breach";88;243,4;0,88;"143.3";0,3;80;47;42;4;1;"5";"15";"0.05";"0.525";"0.170454545454545";"0.333333333333333";"Brimstone";123;229;0,72;"159.8";0,27;97;91;37;9;3;"2";"18";"0.0927835051546392";"0.381443298969072";"0.146341463414634";"0.111111111111111";"Chamber";0;0;0;0;0;0;0;0;0;0;"0";"0";"0";"0";"0";"0";"Cypher";108;262,6;0;"163.1";0,23;98;67;29;9;6;"2";"4";"0.0918367346938776";"0.295918367346939";"0.037037037037037";"0.5";"Fade";0;0;0;0;0;0;0;0;0;0;"0";"0";"0";"0";"0";"0";"Jett";21;239;0;"0";0;17;15;1;2;0;"0";"0";"0.117647058823529";"0.0588235294117647";"0";"0";"Kay/O";387;187,6;0,71;121;0,22;243;268;176;43;49;"5";"29";"0.176954732510288";"0.724279835390947";"0.0749354005167959";"0.172413793103448";"Killjoy";0;0;0;0;0;0;0;0;0;0;"0";"0";"0";"0";"0";"0";"Neon";0;0;0;0;0;0;0;0;0;0;"0";"0";"0";"0";"0";"0";"Omen";235;203,4;0,71;"139.3";0,25;169;169;79;13;26;"6";"39";"0.0769230769230769";"0.467455621301775";"0.165957446808511";"0.153846153846154";"Phoenix";254;224;0,74;"135.7";0,21;195;168;63;27;27;"2";"13";"0.138461538461538";"0.323076923076923";"0.0511811023622047";"0.153846153846154";"Raze";23;318;0,78;212,4;0,22;23;17;9;6;2;"0";"2";"0.260869565217391";"0.391304347826087";"0.0869565217391304";"0";"Reyna";557;242;0,73;"150.6";0,21;464;388;122;88;65;"6";"37";"0.189655172413793";"0.262931034482759";"0.066427289048474";"0.162162162162162";"Sage";45;223,5;0,64;148,8;0,29;36;28;15;5;5;"1";"3";"0.138888888888889";"0.416666666666667";"0.0666666666666667";"0.333333333333333";"Skye";15;227;0,8;126,3;0,22;13;13;6;0;2;"0";"2";"0";"0.461538461538462";"0.133333333333333";"0";"Sova";1271;227,8;0,75;"152.5";0,22;1016;781;472;104;74;"31";"168";"0.102362204724409";"0.464566929133858";"0.132179386309992";"0.18452380952381";"Viper";61;240;0,47;149,2;0,17;52;41;12;9;2;"1";"9";"0.173076923076923";"0.230769230769231";"0.147540983606557";"0.111111111111111";"Yoru";38;153;0,66;90,8;0,23;22;21;6;1;2;"0";"2";"0.0454545454545455";"0.272727272727273";"0.0526315789473684";"0"
"Boo";"Astra";1336;202,1;0,75;132,5;0,3;978;834;487;139;120;"29";"142";"0.142126789366053";"0.497955010224949";"0.106287425149701";"0.204225352112676";"Breach";115;190,3;0,44;"110.9";0,3;73;75;55;12;7;"0";"10";"0.164383561643836";"0.753424657534247";"0.0869565217391304";"0";"Brimstone";57;258;0,88;"159.6";0,27;52;29;27;6;1;"2";"8";"0.115384615384615";"0.519230769230769";"0.140350877192982";"0.25";"Chamber";43;117,5;0,51;77,4;0,2;17;35;5;4;7;"0";"2";"0.235294117647059";"0.294117647058824";"0.0465116279069767";"0";"Cypher";59;170,3;0;"0";0;40;50;4;4;0;"0";"0";"0.1";"0.1";"0";"0";"Fade";0;0;0;0;0;0;0;0;0;0;"0";"0";"0";"0";"0";"0";"Jett";14;106;0,5;"83.8";0,13;4;14;3;1;2;"0";"0";"0.25";"0.75";"0";"0";"Kay/O";46;171;0,67;113,5;0,23;27;31;18;2;4;"1";"7";"0.0740740740740741";"0.666666666666667";"0.152173913043478";"0.142857142857143";"Killjoy";115;190,2;0,65;127,7;0,16;76;87;21;5;9;"2";"21";"0.0657894736842105";"0.276315789473684";"0.182608695652174";"0.0952380952380952";"Neon";0;0;0;0;0;0;0;0;0;0;"0";"0";"0";"0";"0";"0";"Omen";2784;208,1;0,75;"127.7";0,29;2058;1835;699;284;233;"31";"222";"0.137998056365403";"0.339650145772595";"0.0797413793103448";"0.13963963963964";"Phoenix";0;0;0;"0";0;0;0;0;0;0;"0";"0";"0";"0";"0";"0";"Raze";59;214,7;0,59;146,4;0,12;41;42;12;5;8;"2";"8";"0.121951219512195";"0.292682926829268";"0.135593220338983";"0.25";"Reyna";0;0;0;"0";0;0;0;0;0;0;"0";"0";"0";"0";"0";"0";"Sage";471;192,7;0,75;123,6;0,28;325;285;170;36;26;"9";"41";"0.110769230769231";"0.523076923076923";"0.0870488322717622";"0.219512195121951";"Skye";0;0;0;0;0;0;0;0;0;0;"0";"0";"0";"0";"0";"0";"Sova";37;140,5;0,65;"108.9";0,22;15;26;15;2;2;"0";"3";"0.133333333333333";"1";"0.0810810810810811";"0";"Viper";181;206,1;0,78;134,6;0,26;137;106;51;12;13;"4";"23";"0.0875912408759124";"0.372262773722628";"0.12707182320442";"0.173913043478261";"Yoru";0;0;0;0;0;0;0;0;0;0;"0";"0";"0";"0";"0";"0"
"AvovA";"Astra";1763;196,5;0,75;124;0,27;1266;1099;507;119;154;"53";"204";"0.0939968404423381";"0.400473933649289";"0.115711854792967";"0.259803921568627";"Breach";0;0;0;"0";0;0;0;0;0;0;"0";"0";"0";"0";"0";"0";"Brimstone";583;185,2;0,75;"118.1";0,23;376;384;186;46;51;"15";"70";"0.122340425531915";"0.49468085106383";"0.120068610634648";"0.214285714285714";"Chamber";0;0;0;0;0;0;0;0;0;0;"0";"0";"0";"0";"0";"0";"Cypher";19;122;0,58;"75.1";0,38;8;14;2;1;0;"0";"5";"0.125";"0.25";"0.263157894736842";"0";"Fade";0;0;0;0;0;0;0;0;0;0;"0";"0";"0";"0";"0";"0";"Jett";0;0;0;"0";0;0;0;0;0;0;"0";"0";"0";"0";"0";"0";"Kay/O";67;200;0,66;132,4;0,29;47;42;20;7;5;"1";"2";"0.148936170212766";"0.425531914893617";"0.0298507462686567";"0.5";"Killjoy";0;0;0;0;0;0;0;0;0;0;"0";"0";"0";"0";"0";"0";"Neon";0;0;0;0;0;0;0;0;0;0;"0";"0";"0";"0";"0";"0";"Omen";2300;199,6;0,75;"124.8";0,25;1661;1439;680;176;174;"26";"186";"0.105960264900662";"0.409391932570741";"0.0808695652173913";"0.139784946236559";"Phoenix";36;270;0;"0";0;35;21;12;4;0;"0";"0";"0.114285714285714";"0.342857142857143";"0";"0";"Raze";203;258;0,75;152,9;0,16;173;147;45;31;22;"2";"13";"0.179190751445087";"0.260115606936416";"0.0640394088669951";"0.153846153846154";"Reyna";0;0;0;"0";0;0;0;0;0;0;"0";"0";"0";"0";"0";"0";"Sage";321;163,6;0,72;103,4;0,25;205;198;77;12;25;"9";"35";"0.0585365853658537";"0.375609756097561";"0.109034267912773";"0.257142857142857";"Skye";0;0;0;0;0;0;0;0;0;0;"0";"0";"0";"0";"0";"0";"Sova";0;0;0;"0";0;0;0;0;0;0;"0";"0";"0";"0";"0";"0";"Viper";628;192,8;0,73;127,8;0,28;414;408;202;48;63;"10";"67";"0.115942028985507";"0.48792270531401";"0.106687898089172";"0.149253731343284";"Yoru";0;0;0;0;0;0;0;0;0;0;"0";"0";"0";"0";"0";"0"
"Mixwell";"Astra";0;0;0;0;0;0;0;0;0;0;"0";"0";"0";"0";"0";"0";"Breach";0;0;0;"0";0;0;0;0;0;0;"0";"0";"0";"0";"0";"0";"Brimstone";0;0;0;"0";0;0;0;0;0;0;"0";"0";"0";"0";"0";"0";"Chamber";775;215,9;0,71;140,2;0,22;594;549;133;104;85;"15";"84";"0.175084175084175";"0.223905723905724";"0.108387096774194";"0.178571428571429";"Cypher";143;173;0,66;"118.2";0,24;86;94;23;13;13;"1";"7";"0.151162790697674";"0.267441860465116";"0.048951048951049";"0.142857142857143";"Fade";0;0;0;0;0;0;0;0;0;0;"0";"0";"0";"0";"0";"0";"Jett";3068;247,1;0,71;"145.6";0,22;2668;2104;543;554;287;"28";"162";"0.207646176911544";"0.20352323838081";"0.0528031290743155";"0.172839506172839";"Kay/O";46;161;0,63;104;0,2;23;34;25;2;5;"2";"4";"0.0869565217391304";"1.08695652173913";"0.0869565217391304";"0.5";"Killjoy";317;202,5;0,72;136,5;0,22;220;214;78;16;32;"7";"34";"0.0727272727272727";"0.354545454545455";"0.107255520504732";"0.205882352941176";"Neon";103;198,4;0,69;129,8;0,22;69;83;18;15;19;"2";"5";"0.217391304347826";"0.260869565217391";"0.0485436893203883";"0.4";"Omen";0;0;0;"0";0;0;0;0;0;0;"0";"0";"0";"0";"0";"0";"Phoenix";0;0;0;"0";0;0;0;0;0;0;"0";"0";"0";"0";"0";"0";"Raze";468;290,8;0,78;180,4;0,17;466;309;137;95;66;"7";"33";"0.203862660944206";"0.293991416309013";"0.0705128205128205";"0.212121212121212";"Reyna";37;276,5;0;"162.9";0,29;36;22;11;11;1;"2";"4";"0.305555555555556";"0.305555555555556";"0.108108108108108";"0.5";"Sage";62;191;0,69;123,4;0,18;43;45;24;5;5;"2";"7";"0.116279069767442";"0.558139534883721";"0.112903225806452";"0.285714285714286";"Skye";307;197,7;0,7;120,9;0,24;221;212;71;18;31;"3";"26";"0.081447963800905";"0.321266968325792";"0.0846905537459283";"0.115384615384615";"Sova";0;0;0;"0";0;0;0;0;0;0;"0";"0";"0";"0";"0";"0";"Viper";633;223,7;0,68;140,3;0,25;496;444;172;68;50;"3";"75";"0.137096774193548";"0.346774193548387";"0.118483412322275";"0.04";"Yoru";24;246;0,79;144,9;0,37;24;15;8;4;3;"0";"1";"0.166666666666667";"0.333333333333333";"0.0416666666666667";"0"
"rhyme";"Astra";0;0;0;0;0;0;0;0;0;0;"0";"0";"0";"0";"0";"0";"Breach";209;152,4;0,76;"98.7";0,34;108;141;80;9;13;"1";"20";"0.0833333333333333";"0.740740740740741";"0.0956937799043062";"0.05";"Brimstone";78;240,8;0;"0";0;59;60;19;9;0;"0";"0";"0.152542372881356";"0.322033898305085";"0";"0";"Chamber";174;243,2;0,74;151,1;0,35;149;103;24;35;17;"1";"15";"0.23489932885906";"0.161073825503356";"0.0862068965517241";"0.0666666666666667";"Cypher";731;187,6;0,64;"120.1";0,4;482;501;134;64;29;"3";"47";"0.132780082987552";"0.278008298755187";"0.0642954856361149";"0.0638297872340425";"Fade";0;0;0;0;0;0;0;0;0;0;"0";"0";"0";"0";"0";"0";"Jett";414;247,4;0,69;"156.4";0,35;362;286;61;88;70;"5";"33";"0.243093922651934";"0.168508287292818";"0.0797101449275362";"0.151515151515152";"Kay/O";414;198,5;0,75;129,6;0,34;278;305;204;48;40;"6";"35";"0.172661870503597";"0.733812949640288";"0.0845410628019324";"0.171428571428571";"Killjoy";263;190,2;0,69;131,7;0,27;169;172;43;25;30;"8";"32";"0.14792899408284";"0.254437869822485";"0.121673003802281";"0.25";"Neon";67;173,5;0,55;105,6;0,3;37;55;12;8;13;"0";"5";"0.216216216216216";"0.324324324324324";"0.0746268656716418";"0";"Omen";240;209,5;0;"0";0;169;170;47;24;0;"0";"0";"0.142011834319527";"0.27810650887574";"0";"0";"Phoenix";0;0;0;"0";0;0;0;0;0;0;"0";"0";"0";"0";"0";"0";"Raze";2560;248,5;0,73;161,6;0,26;2132;1767;520;456;306;"27";"182";"0.213883677298311";"0.24390243902439";"0.07109375";"0.148351648351648";"Reyna";65;206,3;0;"0";0;47;52;11;6;0;"0";"0";"0.127659574468085";"0.234042553191489";"0";"0";"Sage";321;211,3;0;128,6;0,36;240;216;95;29;15;"1";"12";"0.120833333333333";"0.395833333333333";"0.0373831775700935";"0.0833333333333333";"Skye";28;143;0,68;86,8;0,41;15;22;4;5;3;"1";"4";"0.333333333333333";"0.266666666666667";"0.142857142857143";"0.25";"Sova";649;205;0,75;"135.8";0,35;445;418;241;62;57;"9";"68";"0.139325842696629";"0.541573033707865";"0.104776579352851";"0.132352941176471";"Viper";181;189,7;0,69;126,9;0,32;122;117;43;15;18;"5";"30";"0.122950819672131";"0.352459016393443";"0.165745856353591";"0.166666666666667";"Yoru";135;195;0,71;131,5;0,38;87;100;30;20;23;"3";"15";"0.229885057471264";"0.344827586206897";"0.111111111111111";"0.2"
"Cloud";"Astra";0;0;0;0;0;0;0;0;0;0;"0";"0";"0";"0";"0";"0";"Breach";419;241,9;0,77;"149.7";0,27;374;276;133;57;28;"6";"29";"0.152406417112299";"0.355614973262032";"0.0692124105011933";"0.206896551724138";"Brimstone";0;0;0;"0";0;0;0;0;0;0;"0";"0";"0";"0";"0";"0";"Chamber";0;0;0;0;0;0;0;0;0;0;"0";"0";"0";"0";"0";"0";"Cypher";0;0;0;"0";0;0;0;0;0;0;"0";"0";"0";"0";"0";"0";"Fade";0;0;0;0;0;0;0;0;0;0;"0";"0";"0";"0";"0";"0";"Jett";61;205,7;0,61;"132.2";0,22;43;50;6;14;8;"1";"6";"0.325581395348837";"0.13953488372093";"0.0983606557377049";"0.166666666666667";"Kay/O";304;217,4;0,72;146,4;0,28;228;223;135;36;28;"5";"20";"0.157894736842105";"0.592105263157895";"0.0657894736842105";"0.25";"Killjoy";0;0;0;0;0;0;0;0;0;0;"0";"0";"0";"0";"0";"0";"Neon";39;245,5;0,77;152,7;0,27;35;29;7;13;5;"0";"4";"0.371428571428571";"0.2";"0.102564102564103";"0";"Omen";46;257;0;"169.7";0,31;41;31;5;6;6;"0";"4";"0.146341463414634";"0.121951219512195";"0.0869565217391304";"0";"Phoenix";0;0;0;"0";0;0;0;0;0;0;"0";"0";"0";"0";"0";"0";"Raze";754;284,1;0,77;185,2;0,24;731;550;162;141;108;"9";"59";"0.192886456908345";"0.221614227086183";"0.0782493368700265";"0.152542372881356";"Reyna";295;262,4;0,72;"163.4";0,34;264;214;54;50;45;"4";"18";"0.189393939393939";"0.204545454545455";"0.0610169491525424";"0.222222222222222";"Sage";467;205,3;0,74;132,1;0,28;342;314;155;57;51;"8";"33";"0.166666666666667";"0.453216374269006";"0.0706638115631692";"0.242424242424242";"Skye";512;243,2;0,71;150,9;0,32;446;370;114;73;64;"3";"33";"0.163677130044843";"0.255605381165919";"0.064453125";"0.0909090909090909";"Sova";1970;243,2;0,78;"160.2";0,31;1690;1281;652;187;142;"41";"232";"0.110650887573964";"0.385798816568047";"0.117766497461929";"0.176724137931034";"Viper";162;235,8;0;170,4;0,28;133;110;34;14;16;"3";"15";"0.105263157894737";"0.255639097744361";"0.0925925925925926";"0.2";"Yoru";0;0;0;0;0;0;0;0;0;0;"0";"0";"0";"0";"0";"0"
"hoody";"Astra";0;0;0;0;0;0;0;0;0;0;"0";"0";"0";"0";"0";"0";"Breach";384;208,6;0,79;"138.2";0,27;278;254;152;45;33;"5";"42";"0.161870503597122";"0.546762589928058";"0.109375";"0.119047619047619";"Brimstone";80;166,3;0;"101.4";0,16;50;45;6;10;6;"1";"5";"0.2";"0.12";"0.0625";"0.2";"Chamber";0;0;0;0;0;0;0;0;0;0;"0";"0";"0";"0";"0";"0";"Cypher";0;0;0;"0";0;0;0;0;0;0;"0";"0";"0";"0";"0";"0";"Fade";0;0;0;0;0;0;0;0;0;0;"0";"0";"0";"0";"0";"0";"Jett";1244;240,5;0,67;"142";0,22;1073;832;187;231;162;"12";"118";"0.215284249767008";"0.174277726001864";"0.0948553054662379";"0.101694915254237";"Kay/O";220;217,6;0,67;139,7;0,24;153;177;113;35;29;"1";"20";"0.228758169934641";"0.738562091503268";"0.0909090909090909";"0.05";"Killjoy";0;0;0;0;0;0;0;0;0;0;"0";"0";"0";"0";"0";"0";"Neon";24;253;0,63;153,6;0,2;23;19;2;4;4;"0";"0";"0.173913043478261";"0.0869565217391304";"0";"0";"Omen";0;0;0;"0";0;0;0;0;0;0;"0";"0";"0";"0";"0";"0";"Phoenix";161;271,3;0,73;"164";0,27;151;97;33;39;19;"4";"15";"0.258278145695364";"0.218543046357616";"0.093167701863354";"0.266666666666667";"Raze";439;296,7;0,75;191,8;0,19;434;307;133;85;49;"2";"23";"0.195852534562212";"0.306451612903226";"0.0523917995444191";"0.0869565217391304";"Reyna";190;254,2;0,73;"151.8";0,19;166;136;34;42;28;"1";"10";"0.253012048192771";"0.204819277108434";"0.0526315789473684";"0.1";"Sage";2106;230,1;0,76;146,3;0,26;1687;1347;654;261;208;"24";"146";"0.154712507409603";"0.387670420865442";"0.0693257359924027";"0.164383561643836";"Skye";846;230,2;0,75;143,8;0,25;685;573;203;111;85;"10";"63";"0.162043795620438";"0.296350364963504";"0.074468085106383";"0.158730158730159";"Sova";122;244;0,78;"164";0,32;102;73;39;7;7;"2";"15";"0.0686274509803922";"0.382352941176471";"0.122950819672131";"0.133333333333333";"Viper";87;240;0,78;158,4;0,23;74;56;31;6;9;"0";"9";"0.0810810810810811";"0.418918918918919";"0.103448275862069";"0";"Yoru";0;0;0;0;0;0;0;0;0;0;"0";"0";"0";"0";"0";"0"
"nukkye";"Astra";0;0;0;0;0;0;0;0;0;0;"0";"0";"0";"0";"0";"0";"Breach";0;0;0;"0";0;0;0;0;0;0;"0";"0";"0";"0";"0";"0";"Brimstone";0;0;0;"0";0;0;0;0;0;0;"0";"0";"0";"0";"0";"0";"Chamber";47;253;0,83;154,8;0,25;43;31;4;10;2;"0";"8";"0.232558139534884";"0.0930232558139535";"0.170212765957447";"0";"Cypher";0;0;0;"0";0;0;0;0;0;0;"0";"0";"0";"0";"0";"0";"Fade";22;213;0,68;141;0,24;13;18;12;2;1;"0";"3";"0.153846153846154";"0.923076923076923";"0.136363636363636";"0";"Jett";579;265,5;0,67;"161.8";0,22;517;389;125;118;88;"12";"45";"0.228239845261122";"0.241779497098646";"0.077720207253886";"0.266666666666667";"Kay/O";0;0;0;0;0;0;0;0;0;0;"0";"0";"0";"0";"0";"0";"Killjoy";0;0;0;0;0;0;0;0;0;0;"0";"0";"0";"0";"0";"0";"Neon";48;239,5;0,77;146,9;0,21;40;38;9;5;8;"2";"8";"0.125";"0.225";"0.166666666666667";"0.25";"Omen";34;176;0,71;"99.7";0,17;22;19;7;3;3;"1";"3";"0.136363636363636";"0.318181818181818";"0.0882352941176471";"0.333333333333333";"Phoenix";87;225,3;0,69;"143.8";0,24;68;59;17;9;16;"1";"6";"0.132352941176471";"0.25";"0.0689655172413793";"0.166666666666667";"Raze";2744;264,5;0,75;170,5;0,17;2405;1851;739;423;325;"40";"200";"0.175883575883576";"0.307276507276507";"0.0728862973760933";"0.2";"Reyna";406;261,1;0,73;"169.8";0,25;369;281;74;65;51;"4";"25";"0.176151761517615";"0.200542005420054";"0.061576354679803";"0.16";"Sage";389;236,1;0,76;147,3;0,27;327;230;110;34;24;"16";"49";"0.103975535168196";"0.336391437308869";"0.125964010282776";"0.326530612244898";"Skye";66;219;0,73;148,5;0,34;51;46;10;4;6;"2";"8";"0.0784313725490196";"0.196078431372549";"0.121212121212121";"0.25";"Sova";947;229,3;0,77;"157";0,23;728;606;330;70;66;"17";"106";"0.0961538461538462";"0.453296703296703";"0.111932418162619";"0.160377358490566";"Viper";43;279;0,74;183,2;0,26;41;31;20;8;4;"1";"3";"0.195121951219512";"0.48780487804878";"0.0697674418604651";"0.333333333333333";"Yoru";0;0;0;0;0;0;0;0;0;0;"0";"0";"0";"0";"0";"0"
"Fit1nho";"Astra";0;0;0;0;0;0;0;0;0;0;"0";"0";"0";"0";"0";"0";"Breach";83;225,3;0;"117";0,23;69;64;19;13;11;"2";"10";"0.188405797101449";"0.27536231884058";"0.120481927710843";"0.2";"Brimstone";0;0;0;"0";0;0;0;0;0;0;"0";"0";"0";"0";"0";"0";"Chamber";154;270;0,79;166,9;0,3;156;89;16;26;11;"6";"26";"0.166666666666667";"0.102564102564103";"0.168831168831169";"0.230769230769231";"Cypher";35;258,5;0;"172.6";0,39;36;12;15;6;2;"3";"4";"0.166666666666667";"0.416666666666667";"0.114285714285714";"0.75";"Fade";0;0;0;0;0;0;0;0;0;0;"0";"0";"0";"0";"0";"0";"Jett";3308;228,3;0,72;"134.9";0,23;2681;2142;492;629;472;"47";"270";"0.23461395001865";"0.183513614323014";"0.0816203143893591";"0.174074074074074";"Kay/O";21;234;0,62;143;0,48;17;14;15;1;5;"1";"3";"0.0588235294117647";"0.882352941176471";"0.142857142857143";"0.333333333333333";"Killjoy";0;0;0;0;0;0;0;0;0;0;"0";"0";"0";"0";"0";"0";"Neon";149;212,3;0,74;139,1;0,27;108;113;35;29;18;"0";"5";"0.268518518518519";"0.324074074074074";"0.0335570469798658";"0";"Omen";61;255;0;"0";0;58;35;18;8;0;"0";"0";"0.137931034482759";"0.310344827586207";"0";"0";"Phoenix";0;0;0;"0";0;0;0;0;0;0;"0";"0";"0";"0";"0";"0";"Raze";2291;258,1;0,79;163,1;0,19;1998;1488;574;418;271;"30";"156";"0.209209209209209";"0.287287287287287";"0.0680925360104758";"0.192307692307692";"Reyna";22;179;0;"130.2";0,22;12;17;6;2;2;"0";"4";"0.166666666666667";"0.5";"0.181818181818182";"0";"Sage";116;175,8;0;100,7;0,2;77;66;36;10;6;"0";"9";"0.12987012987013";"0.467532467532468";"0.0775862068965517";"0";"Skye";0;0;0;0;0;0;0;0;0;0;"0";"0";"0";"0";"0";"0";"Sova";0;0;0;"0";0;0;0;0;0;0;"0";"0";"0";"0";"0";"0";"Viper";23;309;0;197,3;0,33;24;15;2;3;4;"1";"3";"0.125";"0.0833333333333333";"0.130434782608696";"0.333333333333333";"Yoru";0;0;0;0;0;0;0;0;0;0;"0";"0";"0";"0";"0";"0"
"qw1";"Astra";0;0;0;0;0;0;0;0;0;0;"0";"0";"0";"0";"0";"0";"Breach";0;0;0;"0";0;0;0;0;0;0;"0";"0";"0";"0";"0";"0";"Brimstone";0;0;0;"0";0;0;0;0;0;0;"0";"0";"0";"0";"0";"0";"Chamber";259;253,5;0,72;163,2;0,31;251;154;24;48;28;"8";"39";"0.191235059760956";"0.0956175298804781";"0.150579150579151";"0.205128205128205";"Cypher";0;0;0;"0";0;0;0;0;0;0;"0";"0";"0";"0";"0";"0";"Fade";0;0;0;0;0;0;0;0;0;0;"0";"0";"0";"0";"0";"0";"Jett";2982;250;0,71;"150.7";0,26;2721;2126;375;659;452;"42";"262";"0.242190371187064";"0.137816979051819";"0.0878604963112005";"0.16030534351145";"Kay/O";0;0;0;0;0;0;0;0;0;0;"0";"0";"0";"0";"0";"0";"Killjoy";0;0;0;0;0;0;0;0;0;0;"0";"0";"0";"0";"0";"0";"Neon";271;212,9;0,68;137,3;0,27;216;193;42;51;58;"1";"14";"0.236111111111111";"0.194444444444444";"0.0516605166051661";"0.0714285714285714";"Omen";42;219;0,62;"124.9";0,32;32;36;3;3;6;"1";"9";"0.09375";"0.09375";"0.214285714285714";"0.111111111111111";"Phoenix";0;0;0;"0";0;0;0;0;0;0;"0";"0";"0";"0";"0";"0";"Raze";432;232,8;0,69;149,9;0,18;338;326;90;75;69;"6";"28";"0.22189349112426";"0.266272189349112";"0.0648148148148148";"0.214285714285714";"Reyna";32;157;0,59;"105.2";0,33;17;27;2;2;5;"0";"3";"0.117647058823529";"0.117647058823529";"0.09375";"0";"Sage";183;239,6;0,7;151,3;0,28;149;140;36;28;27;"5";"15";"0.187919463087248";"0.241610738255034";"0.0819672131147541";"0.333333333333333";"Skye";43;237,5;0,77;151,8;0,27;34;34;10;6;3;"1";"7";"0.176470588235294";"0.294117647058824";"0.162790697674419";"0.142857142857143";"Sova";137;202;0,71;"137.3";0,34;100;90;28;13;12;"3";"12";"0.13";"0.28";"0.0875912408759124";"0.25";"Viper";0;0;0;0;0;0;0;0;0;0;"0";"0";"0";"0";"0";"0";"Yoru";0;0;0;0;0;0;0;0;0;0;"0";"0";"0";"0";"0";"0"
"MrFaliN";"Astra";0;0;0;0;0;0;0;0;0;0;"0";"0";"0";"0";"0";"0";"Breach";394;183,7;0,73;"121.1";0,21;253;267;99;23;26;"8";"62";"0.0909090909090909";"0.391304347826087";"0.157360406091371";"0.129032258064516";"Brimstone";205;205,3;0,78;"133.5";0,24;143;128;78;13;12;"4";"20";"0.0909090909090909";"0.545454545454545";"0.0975609756097561";"0.2";"Chamber";0;0;0;0;0;0;0;0;0;0;"0";"0";"0";"0";"0";"0";"Cypher";0;0;0;"0";0;0;0;0;0;0;"0";"0";"0";"0";"0";"0";"Fade";0;0;0;0;0;0;0;0;0;0;"0";"0";"0";"0";"0";"0";"Jett";0;0;0;"0";0;0;0;0;0;0;"0";"0";"0";"0";"0";"0";"Kay/O";124;159,5;0,78;102,5;0,19;71;82;57;6;10;"1";"14";"0.0845070422535211";"0.802816901408451";"0.112903225806452";"0.0714285714285714";"Killjoy";157;244,9;0,7;169,1;0,25;133;109;36;17;14;"7";"31";"0.12781954887218";"0.270676691729323";"0.197452229299363";"0.225806451612903";"Neon";0;0;0;0;0;0;0;0;0;0;"0";"0";"0";"0";"0";"0";"Omen";636;210,9;0,75;"131.2";0,21;466;431;258;57;50;"15";"68";"0.122317596566524";"0.553648068669528";"0.106918238993711";"0.220588235294118";"Phoenix";0;0;0;"0";0;0;0;0;0;0;"0";"0";"0";"0";"0";"0";"Raze";198;270,2;0,75;165,3;0,19;169;130;62;39;21;"6";"19";"0.230769230769231";"0.366863905325444";"0.095959595959596";"0.315789473684211";"Reyna";0;0;0;"0";0;0;0;0;0;0;"0";"0";"0";"0";"0";"0";"Sage";35;242,5;0,77;155,2;0,39;28;19;10;7;1;"0";"4";"0.25";"0.357142857142857";"0.114285714285714";"0";"Skye";188;227,7;0,74;151,6;0,28;154;126;51;15;22;"2";"24";"0.0974025974025974";"0.331168831168831";"0.127659574468085";"0.0833333333333333";"Sova";2183;216,9;0,76;"145.9";0,22;1558;1418;910;148;133;"47";"277";"0.0949935815147625";"0.58408215661104";"0.126889601465873";"0.169675090252708";"Viper";0;0;0;0;0;0;0;0;0;0;"0";"0";"0";"0";"0";"0";"Yoru";0;0;0;0;0;0;0;0;0;0;"0";"0";"0";"0";"0";"0"
"qRaxs";"Astra";0;0;0;0;0;0;0;0;0;0;"0";"0";"0";"0";"0";"0";"Breach";0;0;0;"0";0;0;0;0;0;0;"0";"0";"0";"0";"0";"0";"Brimstone";0;0;0;"0";0;0;0;0;0;0;"0";"0";"0";"0";"0";"0";"Chamber";0;0;0;0;0;0;0;0;0;0;"0";"0";"0";"0";"0";"0";"Cypher";0;0;0;"0";0;0;0;0;0;0;"0";"0";"0";"0";"0";"0";"Fade";440;216;0,77;139,9;0,33;356;284;124;39;28;"7";"50";"0.109550561797753";"0.348314606741573";"0.113636363636364";"0.14";"Jett";95;228,5;0,72;"144.2";0,26;79;70;14;16;8;"0";"7";"0.20253164556962";"0.177215189873418";"0.0736842105263158";"0";"Kay/O";716;202,4;0,74;132,8;0,3;509;493;297;54;57;"15";"76";"0.106090373280943";"0.583497053045187";"0.106145251396648";"0.197368421052632";"Killjoy";0;0;0;0;0;0;0;0;0;0;"0";"0";"0";"0";"0";"0";"Neon";0;0;0;0;0;0;0;0;0;0;"0";"0";"0";"0";"0";"0";"Omen";0;0;0;"0";0;0;0;0;0;0;"0";"0";"0";"0";"0";"0";"Phoenix";99;255,6;0,81;"144.8";0,27;86;63;20;17;7;"2";"13";"0.197674418604651";"0.232558139534884";"0.131313131313131";"0.153846153846154";"Raze";574;243,1;0,74;149,9;0,23;483;409;100;44;33;"3";"23";"0.0910973084886128";"0.20703933747412";"0.0400696864111498";"0.130434782608696";"Reyna";126;176;0,67;"116";0,3;75;97;20;13;15;"1";"13";"0.173333333333333";"0.266666666666667";"0.103174603174603";"0.0769230769230769";"Sage";2118;199,6;0,74;128,4;0,32;1565;1435;672;143;160;"28";"214";"0.0913738019169329";"0.429392971246006";"0.101038715769594";"0.130841121495327";"Skye";627;167,3;0,68;111,1;0,32;383;447;125;48;36;"6";"64";"0.12532637075718";"0.326370757180157";"0.10207336523126";"0.09375";"Sova";21;201;0;"0";0;14;16;1;1;0;"0";"0";"0.0714285714285714";"0.0714285714285714";"0";"0";"Viper";56;213,5;0,73;137,5;0,29;45;36;13;1;3;"2";"13";"0.0222222222222222";"0.288888888888889";"0.232142857142857";"0.153846153846154";"Yoru";0;0;0;0;0;0;0;0;0;0;"0";"0";"0";"0";"0";"0"
"AtaKaptan";"Astra";243;214,9;0,74;141,2;0,31;188;161;96;23;21;"4";"35";"0.122340425531915";"0.51063829787234";"0.1440329218107";"0.114285714285714";"Breach";0;0;0;"0";0;0;0;0;0;0;"0";"0";"0";"0";"0";"0";"Brimstone";1266;243,8;0,76;"156.2";0,26;1069;870;547;137;104;"33";"180";"0.128157156220767";"0.511693171188026";"0.14218009478673";"0.183333333333333";"Chamber";0;0;0;0;0;0;0;0;0;0;"0";"0";"0";"0";"0";"0";"Cypher";0;0;0;"0";0;0;0;0;0;0;"0";"0";"0";"0";"0";"0";"Fade";0;0;0;0;0;0;0;0;0;0;"0";"0";"0";"0";"0";"0";"Jett";0;0;0;"0";0;0;0;0;0;0;"0";"0";"0";"0";"0";"0";"Kay/O";0;0;0;0;0;0;0;0;0;0;"0";"0";"0";"0";"0";"0";"Killjoy";0;0;0;0;0;0;0;0;0;0;"0";"0";"0";"0";"0";"0";"Neon";0;0;0;0;0;0;0;0;0;0;"0";"0";"0";"0";"0";"0";"Omen";589;217,5;0,74;"136.6";0,29;462;421;238;36;47;"11";"77";"0.0779220779220779";"0.515151515151515";"0.130730050933786";"0.142857142857143";"Phoenix";0;0;0;"0";0;0;0;0;0;0;"0";"0";"0";"0";"0";"0";"Raze";0;0;0;0;0;0;0;0;0;0;"0";"0";"0";"0";"0";"0";"Reyna";0;0;0;"0";0;0;0;0;0;0;"0";"0";"0";"0";"0";"0";"Sage";43;171,5;0;103,4;0,26;22;39;21;3;5;"0";"2";"0.136363636363636";"0.954545454545455";"0.0465116279069767";"0";"Skye";0;0;0;0;0;0;0;0;0;0;"0";"0";"0";"0";"0";"0";"Sova";0;0;0;"0";0;0;0;0;0;0;"0";"0";"0";"0";"0";"0";"Viper";1853;216;0,72;139;0,28;1412;1216;702;164;147;"64";"274";"0.11614730878187";"0.497167138810198";"0.147868321640583";"0.233576642335766";"Yoru";0;0;0;0;0;0;0;0;0;0;"0";"0";"0";"0";"0";"0"
"MOJJ";"Astra";0;0;0;0;0;0;0;0;0;0;"0";"0";"0";"0";"0";"0";"Breach";50;147;0;"95.2";0,25;23;34;24;4;2;"1";"8";"0.173913043478261";"1.04347826086957";"0.16";"0.125";"Brimstone";22;144;0,59;"92.1";0,26;12;17;5;0;3;"2";"5";"0";"0.416666666666667";"0.227272727272727";"0.4";"Chamber";0;0;0;0;0;0;0;0;0;0;"0";"0";"0";"0";"0";"0";"Cypher";1291;192,5;0,7;"126.5";0,32;889;883;285;116;110;"23";"154";"0.130483689538808";"0.320584926884139";"0.119287374128582";"0.149350649350649";"Fade";0;0;0;0;0;0;0;0;0;0;"0";"0";"0";"0";"0";"0";"Jett";0;0;0;"0";0;0;0;0;0;0;"0";"0";"0";"0";"0";"0";"Kay/O";0;0;0;0;0;0;0;0;0;0;"0";"0";"0";"0";"0";"0";"Killjoy";2670;211,4;0,73;142,5;0,25;1999;1749;467;234;198;"47";"300";"0.117058529264632";"0.233616808404202";"0.112359550561798";"0.156666666666667";"Neon";0;0;0;0;0;0;0;0;0;0;"0";"0";"0";"0";"0";"0";"Omen";0;0;0;"0";0;0;0;0;0;0;"0";"0";"0";"0";"0";"0";"Phoenix";0;0;0;"0";0;0;0;0;0;0;"0";"0";"0";"0";"0";"0";"Raze";197;231,1;0,65;152;0,21;154;144;43;18;24;"4";"19";"0.116883116883117";"0.279220779220779";"0.0964467005076142";"0.210526315789474";"Reyna";69;205,7;0;"129.1";0,31;47;58;12;4;12;"2";"7";"0.0851063829787234";"0.25531914893617";"0.101449275362319";"0.285714285714286";"Sage";606;198,1;0,66;125,9;0,3;428;411;221;50;38;"10";"77";"0.116822429906542";"0.516355140186916";"0.127062706270627";"0.12987012987013";"Skye";0;0;0;0;0;0;0;0;0;0;"0";"0";"0";"0";"0";"0";"Sova";38;149;0,7;"104.5";0,35;19;24;15;1;2;"0";"7";"0.0526315789473684";"0.789473684210526";"0.184210526315789";"0";"Viper";980;204,8;0,74;134,7;0,33;713;630;318;89;84;"26";"120";"0.124824684431978";"0.446002805049088";"0.122448979591837";"0.216666666666667";"Yoru";0;0;0;0;0;0;0;0;0;0;"0";"0";"0";"0";"0";"0"
"QutionerX";"Astra";0;0;0;0;0;0;0;0;0;0;"0";"0";"0";"0";"0";"0";"Breach";0;0;0;"0";0;0;0;0;0;0;"0";"0";"0";"0";"0";"0";"Brimstone";0;0;0;"0";0;0;0;0;0;0;"0";"0";"0";"0";"0";"0";"Chamber";134;224,5;0,72;156;0,25;111;104;21;31;19;"4";"18";"0.279279279279279";"0.189189189189189";"0.134328358208955";"0.222222222222222";"Cypher";491;206,5;0,69;"128.9";0,31;359;332;114;40;51;"5";"45";"0.11142061281337";"0.317548746518106";"0.0916496945010183";"0.111111111111111";"Fade";0;0;0;0;0;0;0;0;0;0;"0";"0";"0";"0";"0";"0";"Jett";1250;241,4;0,71;"150.4";0,25;1090;884;186;232;158;"15";"100";"0.212844036697248";"0.170642201834862";"0.08";"0.15";"Kay/O";0;0;0;0;0;0;0;0;0;0;"0";"0";"0";"0";"0";"0";"Killjoy";219;261,3;0,68;163,7;0,21;202;159;40;20;24;"1";"20";"0.099009900990099";"0.198019801980198";"0.091324200913242";"0.05";"Neon";93;238,8;0,74;154,7;0,29;80;66;14;17;16;"0";"9";"0.2125";"0.175";"0.0967741935483871";"0";"Omen";0;0;0;"0";0;0;0;0;0;0;"0";"0";"0";"0";"0";"0";"Phoenix";0;0;0;"0";0;0;0;0;0;0;"0";"0";"0";"0";"0";"0";"Raze";365;235,4;0,71;151,9;0,19;289;270;74;53;52;"7";"33";"0.183391003460208";"0.256055363321799";"0.0904109589041096";"0.212121212121212";"Reyna";0;0;0;"0";0;0;0;0;0;0;"0";"0";"0";"0";"0";"0";"Sage";130;257,8;0,75;144,3;0,24;115;93;37;21;10;"1";"11";"0.182608695652174";"0.321739130434783";"0.0846153846153846";"0.0909090909090909";"Skye";0;0;0;0;0;0;0;0;0;0;"0";"0";"0";"0";"0";"0";"Sova";0;0;0;"0";0;0;0;0;0;0;"0";"0";"0";"0";"0";"0";"Viper";0;0;0;0;0;0;0;0;0;0;"0";"0";"0";"0";"0";"0";"Yoru";21;224;0,62;134,2;0,23;16;18;3;3;1;"1";"1";"0.1875";"0.1875";"0.0476190476190476";"1"
"Brave";"Astra";489;199,3;0,74;129,2;0,32;338;351;158;48;45;"4";"42";"0.142011834319527";"0.467455621301775";"0.0858895705521472";"0.0952380952380952";"Breach";182;234,9;0,78;"154.6";0,35;155;122;46;20;18;"1";"16";"0.129032258064516";"0.296774193548387";"0.0879120879120879";"0.0625";"Brimstone";113;277,2;0,81;"169.2";0,36;114;66;28;12;9;"1";"5";"0.105263157894737";"0.245614035087719";"0.0442477876106195";"0.2";"Chamber";0;0;0;0;0;0;0;0;0;0;"0";"0";"0";"0";"0";"0";"Cypher";74;227,3;0;"146.7";0,24;62;62;24;6;7;"0";"4";"0.0967741935483871";"0.387096774193548";"0.0540540540540541";"0";"Fade";0;0;0;0;0;0;0;0;0;0;"0";"0";"0";"0";"0";"0";"Jett";45;215;0,64;"137";0,35;33;33;5;7;10;"0";"3";"0.212121212121212";"0.151515151515152";"0.0666666666666667";"0";"Kay/O";214;234,2;0,76;153,1;0,3;173;145;81;20;26;"3";"16";"0.115606936416185";"0.468208092485549";"0.0747663551401869";"0.1875";"Killjoy";23;311;0;204,1;0,21;25;20;6;5;5;"0";"3";"0.2";"0.24";"0.130434782608696";"0";"Neon";0;0;0;0;0;0;0;0;0;0;"0";"0";"0";"0";"0";"0";"Omen";823;218,4;0,74;"135.7";0,33;625;563;259;98;85;"11";"58";"0.1568";"0.4144";"0.0704738760631835";"0.189655172413793";"Phoenix";0;0;0;"0";0;0;0;0;0;0;"0";"0";"0";"0";"0";"0";"Raze";592;260,9;0,68;172,8;0,23;533;453;140;97;84;"6";"32";"0.181988742964353";"0.26266416510319";"0.0540540540540541";"0.1875";"Reyna";22;329;0,73;"214";0,42;25;16;3;7;1;"1";"2";"0.28";"0.12";"0.0909090909090909";"0.5";"Sage";655;233,6;0,7;147,3;0,33;540;472;170;84;73;"7";"41";"0.155555555555556";"0.314814814814815";"0.0625954198473282";"0.170731707317073";"Skye";192;187,4;0,69;125,8;0,3;136;134;34;21;19;"4";"12";"0.154411764705882";"0.25";"0.0625";"0.333333333333333";"Sova";0;0;0;"0";0;0;0;0;0;0;"0";"0";"0";"0";"0";"0";"Viper";376;201,6;0,7;124,6;0,3;253;256;86;38;29;"3";"34";"0.150197628458498";"0.339920948616601";"0.0904255319148936";"0.0882352941176471";"Yoru";0;0;0;0;0;0;0;0;0;0;"0";"0";"0";"0";"0";"0"
"Turko";"Astra";0;0;0;0;0;0;0;0;0;0;"0";"0";"0";"0";"0";"0";"Breach";175;181,8;0;"156.3";0,31;110;128;41;10;0;"0";"5";"0.0909090909090909";"0.372727272727273";"0.0285714285714286";"0";"Brimstone";599;196,7;0,82;"139.3";0,31;424;373;102;45;4;"5";"30";"0.106132075471698";"0.240566037735849";"0.0500834724540902";"0.166666666666667";"Chamber";0;0;0;0;0;0;0;0;0;0;"0";"0";"0";"0";"0";"0";"Cypher";31;233,5;0;"144.8";0,39;27;16;10;0;0;"2";"2";"0";"0.37037037037037";"0.0645161290322581";"1";"Fade";40;149;0,63;88,8;0,22;21;29;9;0;1;"0";"5";"0";"0.428571428571429";"0.125";"0";"Jett";0;0;0;"0";0;0;0;0;0;0;"0";"0";"0";"0";"0";"0";"Kay/O";166;194,3;0,81;139,3;0,29;117;103;73;14;5;"2";"25";"0.11965811965812";"0.623931623931624";"0.150602409638554";"0.08";"Killjoy";1277;236;0;155,9;0,21;1090;774;196;115;69;"24";"187";"0.105504587155963";"0.179816513761468";"0.146436961628818";"0.128342245989305";"Neon";0;0;0;0;0;0;0;0;0;0;"0";"0";"0";"0";"0";"0";"Omen";166;214,3;0;"128.8";0,27;128;112;43;11;7;"7";"25";"0.0859375";"0.3359375";"0.150602409638554";"0.28";"Phoenix";59;188,7;0,75;"137.8";0,24;43;33;7;5;4;"1";"5";"0.116279069767442";"0.162790697674419";"0.0847457627118644";"0.2";"Raze";0;0;0;0;0;0;0;0;0;0;"0";"0";"0";"0";"0";"0";"Reyna";0;0;0;"0";0;0;0;0;0;0;"0";"0";"0";"0";"0";"0";"Sage";2580;198,9;0,75;126;0,32;1901;1581;702;161;113;"61";"310";"0.0846922672277749";"0.369279326670174";"0.12015503875969";"0.196774193548387";"Skye";148;140,4;0,74;95,3;0,29;79;91;29;7;10;"1";"13";"0.0886075949367089";"0.367088607594937";"0.0878378378378378";"0.0769230769230769";"Sova";254;181,5;0,76;"120.9";0,33;162;162;66;7;17;"3";"33";"0.0432098765432099";"0.407407407407407";"0.12992125984252";"0.0909090909090909";"Viper";20;226;0,8;142,4;0,21;15;13;5;1;1;"0";"5";"0.0666666666666667";"0.333333333333333";"0.25";"0";"Yoru";0;0;0;0;0;0;0;0;0;0;"0";"0";"0";"0";"0";"0"
"AsLanM4shadoW";"Astra";553;238,8;0,74;155,7;0,32;485;381;127;54;37;"9";"57";"0.111340206185567";"0.261855670103093";"0.103074141048825";"0.157894736842105";"Breach";0;0;0;"0";0;0;0;0;0;0;"0";"0";"0";"0";"0";"0";"Brimstone";58;238;0,78;"167.7";0,37;50;47;19;7;4;"0";"5";"0.14";"0.38";"0.0862068965517241";"0";"Chamber";115;235,8;0,67;149,9;0,25;95;83;12;18;13;"2";"12";"0.189473684210526";"0.126315789473684";"0.104347826086957";"0.166666666666667";"Cypher";0;0;0;"0";0;0;0;0;0;0;"0";"0";"0";"0";"0";"0";"Fade";0;0;0;0;0;0;0;0;0;0;"0";"0";"0";"0";"0";"0";"Jett";473;241,5;0,68;"140.5";0,28;399;368;63;74;80;"9";"36";"0.18546365914787";"0.157894736842105";"0.0761099365750529";"0.25";"Kay/O";133;233,7;0,73;159,1;0,31;104;102;43;8;11;"1";"8";"0.0769230769230769";"0.413461538461538";"0.0601503759398496";"0.125";"Killjoy";0;0;0;0;0;0;0;0;0;0;"0";"0";"0";"0";"0";"0";"Neon";18;171;0,44;114,2;0,41;10;17;0;0;6;"0";"2";"0";"0";"0.111111111111111";"0";"Omen";1499;239,1;0,73;"149.8";0,29;1267;1118;323;200;125;"12";"119";"0.15785319652723";"0.254932912391476";"0.0793862575050033";"0.100840336134454";"Phoenix";243;227,7;0,79;"138";0,29;197;183;38;26;21;"4";"20";"0.131979695431472";"0.192893401015228";"0.0823045267489712";"0.2";"Raze";203;236,7;0;158,1;0,22;158;153;44;18;24;"2";"10";"0.113924050632911";"0.278481012658228";"0.0492610837438424";"0.2";"Reyna";419;271,6;0,69;"164.9";0,3;394;336;65;72;50;"1";"18";"0.182741116751269";"0.16497461928934";"0.0429594272076372";"0.0555555555555556";"Sage";722;219,4;0,7;142,7;0,31;571;538;245;83;56;"8";"39";"0.145359019264448";"0.42907180385289";"0.054016620498615";"0.205128205128205";"Skye";0;0;0;0;0;0;0;0;0;0;"0";"0";"0";"0";"0";"0";"Sova";172;189,6;0,71;"132.6";0,36;115;132;47;6;11;"3";"18";"0.0521739130434783";"0.408695652173913";"0.104651162790698";"0.166666666666667";"Viper";0;0;0;0;0;0;0;0;0;0;"0";"0";"0";"0";"0";"0";"Yoru";0;0;0;0;0;0;0;0;0;0;"0";"0";"0";"0";"0";"0"
"Elite";"Astra";26;185;0,77;131,7;0,49;19;16;9;2;1;"1";"5";"0.105263157894737";"0.473684210526316";"0.192307692307692";"0.2";"Breach";0;0;0;"0";0;0;0;0;0;0;"0";"0";"0";"0";"0";"0";"Brimstone";0;0;0;"0";0;0;0;0;0;0;"0";"0";"0";"0";"0";"0";"Chamber";286;233,3;0,69;153,5;0,37;251;197;26;46;26;"11";"50";"0.183266932270916";"0.103585657370518";"0.174825174825175";"0.22";"Cypher";412;217,5;0,75;"144.7";0,45;333;278;63;43;22;"8";"69";"0.129129129129129";"0.189189189189189";"0.16747572815534";"0.115942028985507";"Fade";0;0;0;0;0;0;0;0;0;0;"0";"0";"0";"0";"0";"0";"Jett";116;247,5;0,76;"154.8";0,45;104;75;14;19;9;"1";"6";"0.182692307692308";"0.134615384615385";"0.0517241379310345";"0.166666666666667";"Kay/O";51;247,5;0,76;160,2;0,28;42;39;12;2;3;"0";"4";"0.0476190476190476";"0.285714285714286";"0.0784313725490196";"0";"Killjoy";1088;226,7;0,7;150;0,35;889;741;147;103;84;"22";"136";"0.115860517435321";"0.165354330708661";"0.125";"0.161764705882353";"Neon";0;0;0;0;0;0;0;0;0;0;"0";"0";"0";"0";"0";"0";"Omen";0;0;0;"0";0;0;0;0;0;0;"0";"0";"0";"0";"0";"0";"Phoenix";0;0;0;"0";0;0;0;0;0;0;"0";"0";"0";"0";"0";"0";"Raze";220;252,5;0,69;169,9;0,31;197;156;35;34;27;"3";"11";"0.17258883248731";"0.177664974619289";"0.05";"0.272727272727273";"Reyna";116;197,7;0,72;"120.8";0,25;79;95;27;19;13;"0";"11";"0.240506329113924";"0.341772151898734";"0.0948275862068965";"0";"Sage";59;214,7;0,73;143,6;0,41;46;41;17;4;4;"3";"8";"0.0869565217391304";"0.369565217391304";"0.135593220338983";"0.375";"Skye";239;244;0,76;152,1;0,47;209;160;80;18;10;"5";"35";"0.0861244019138756";"0.382775119617225";"0.146443514644351";"0.142857142857143";"Sova";37;226,5;0,65;"135.2";0,41;30;28;5;3;3;"1";"5";"0.1";"0.166666666666667";"0.135135135135135";"0.2";"Viper";16;278;0,88;154,9;0,34;18;5;2;1;1;"0";"1";"0.0555555555555556";"0.111111111111111";"0.0625";"0";"Yoru";0;0;0;0;0;0;0;0;0;0;"0";"0";"0";"0";"0";"0"
"trexx";"Astra";0;0;0;0;0;0;0;0;0;0;"0";"0";"0";"0";"0";"0";"Breach";17;223;0,88;"137.5";0,24;13;8;12;0;1;"0";"0";"0";"0.923076923076923";"0";"0";"Brimstone";0;0;0;"0";0;0;0;0;0;0;"0";"0";"0";"0";"0";"0";"Chamber";23;115;0,61;73,3;0,2;10;15;2;2;2;"1";"3";"0.2";"0.2";"0.130434782608696";"0.333333333333333";"Cypher";304;203,4;0,7;"131.8";0,22;216;199;83;32;28;"6";"34";"0.148148148148148";"0.384259259259259";"0.111842105263158";"0.176470588235294";"Fade";39;194;0,74;124,8;0,21;23;24;24;3;1;"1";"4";"0.130434782608696";"1.04347826086957";"0.102564102564103";"0.25";"Jett";325;230,5;0,78;"146.9";0,23;260;231;62;62;46;"2";"31";"0.238461538461538";"0.238461538461538";"0.0953846153846154";"0.0645161290322581";"Kay/O";222;226;0,77;144,7;0,22;173;154;103;15;24;"4";"20";"0.0867052023121387";"0.595375722543353";"0.0900900900900901";"0.2";"Killjoy";81;222;0,8;153,9;0,2;69;55;14;7;6;"2";"8";"0.101449275362319";"0.202898550724638";"0.0987654320987654";"0.25";"Neon";24;188;0,67;131;0,18;16;17;4;3;2;"0";"1";"0.1875";"0.25";"0.0416666666666667";"0";"Omen";0;0;0;"0";0;0;0;0;0;0;"0";"0";"0";"0";"0";"0";"Phoenix";0;0;0;"0";0;0;0;0;0;0;"0";"0";"0";"0";"0";"0";"Raze";2675;276,1;0,76;172,8;0,16;2506;1732;750;416;269;"52";"266";"0.166001596169194";"0.299281723862729";"0.0994392523364486";"0.195488721804511";"Reyna";224;268,4;0,82;"161.2";0,24;205;153;68;35;33;"4";"22";"0.170731707317073";"0.331707317073171";"0.0982142857142857";"0.181818181818182";"Sage";67;205,3;0,54;149,1;0,21;44;50;27;5;7;"2";"6";"0.113636363636364";"0.613636363636364";"0.0895522388059701";"0.333333333333333";"Skye";110;230,2;0;157,1;0,23;94;66;34;8;7;"4";"20";"0.0851063829787234";"0.361702127659574";"0.181818181818182";"0.2";"Sova";407;215,6;0,8;"144.3";0,23;303;224;195;21;14;"15";"47";"0.0693069306930693";"0.643564356435644";"0.115479115479115";"0.319148936170213";"Viper";122;229;0,77;153,4;0,24;92;77;62;16;5;"2";"13";"0.173913043478261";"0.673913043478261";"0.10655737704918";"0.153846153846154";"Yoru";50;253,7;0,92;159,4;0,24;48;26;10;9;1;"1";"7";"0.1875";"0.208333333333333";"0.14";"0.142857142857143"
"starxo";"Astra";251;200,7;0,74;129,3;0,28;186;158;86;19;8;"5";"32";"0.102150537634409";"0.462365591397849";"0.127490039840637";"0.15625";"Breach";158;197,6;0,5;"133.5";0,29;114;116;49;19;1;"0";"3";"0.166666666666667";"0.429824561403509";"0.0189873417721519";"0";"Brimstone";329;192,3;0,75;"120.7";0,22;216;211;88;19;23;"10";"37";"0.087962962962963";"0.407407407407407";"0.112462006079027";"0.27027027027027";"Chamber";78;241,3;0,72;148,6;0,19;68;50;11;13;6;"1";"7";"0.191176470588235";"0.161764705882353";"0.0897435897435897";"0.142857142857143";"Cypher";13;235;0;"134.7";0,23;11;5;4;1;1;"0";"0";"0.0909090909090909";"0.363636363636364";"0";"0";"Fade";24;124;0,58;81,6;0,3;10;17;4;3;2;"0";"2";"0.3";"0.4";"0.0833333333333333";"0";"Jett";395;264,2;0,64;"159.8";0,24;360;287;68;83;43;"4";"29";"0.230555555555556";"0.188888888888889";"0.0734177215189873";"0.137931034482759";"Kay/O";63;162,7;0,63;104,4;0,17;31;52;36;5;12;"3";"7";"0.161290322580645";"1.16129032258065";"0.111111111111111";"0.428571428571429";"Killjoy";0;0;0;0;0;0;0;0;0;0;"0";"0";"0";"0";"0";"0";"Neon";126;197,5;0,63;121,7;0,23;86;97;21;20;25;"0";"5";"0.232558139534884";"0.244186046511628";"0.0396825396825397";"0";"Omen";847;200,5;0,72;"126.4";0,21;608;556;261;61;60;"19";"101";"0.100328947368421";"0.429276315789474";"0.119244391971665";"0.188118811881188";"Phoenix";84;253,8;0;"151.9";0,24;72;57;29;12;8;"3";"12";"0.166666666666667";"0.402777777777778";"0.142857142857143";"0.25";"Raze";310;230,3;0,71;150,5;0,16;238;222;81;34;35;"3";"25";"0.142857142857143";"0.340336134453782";"0.0806451612903226";"0.12";"Reyna";187;231,2;0,74;"133.3";0,21;157;122;36;17;21;"3";"16";"0.10828025477707";"0.229299363057325";"0.0855614973262032";"0.1875";"Sage";1207;200,7;0,73;125,9;0,23;860;749;483;80;80;"28";"134";"0.0930232558139535";"0.561627906976744";"0.111019055509528";"0.208955223880597";"Skye";1682;205,4;0,75;127,6;0,25;1243;1076;497;121;120;"31";"181";"0.0973451327433628";"0.399839098954143";"0.107609988109394";"0.171270718232044";"Sova";147;208,1;0,73;"121.4";0,19;108;91;47;7;8;"4";"14";"0.0648148148148148";"0.435185185185185";"0.0952380952380952";"0.285714285714286";"Viper";88;136;0,66;93,4;0,27;41;59;15;5;5;"0";"8";"0.121951219512195";"0.365853658536585";"0.0909090909090909";"0";"Yoru";0;0;0;0;0;0;0;0;0;0;"0";"0";"0";"0";"0";"0"
"sheydos";"Astra";0;0;0;0;0;0;0;0;0;0;"0";"0";"0";"0";"0";"0";"Breach";216;174,6;0,75;"117.9";0,28;145;126;49;8;4;"4";"29";"0.0551724137931034";"0.337931034482759";"0.134259259259259";"0.137931034482759";"Brimstone";0;0;0;"0";0;0;0;0;0;0;"0";"0";"0";"0";"0";"0";"Chamber";0;0;0;0;0;0;0;0;0;0;"0";"0";"0";"0";"0";"0";"Cypher";0;0;0;"0";0;0;0;0;0;0;"0";"0";"0";"0";"0";"0";"Fade";63;213;0,84;132,3;0,31;50;29;23;4;1;"1";"10";"0.08";"0.46";"0.158730158730159";"0.1";"Jett";0;0;0;"0";0;0;0;0;0;0;"0";"0";"0";"0";"0";"0";"Kay/O";341;232,5;0,75;151;0,28;280;233;128;26;24;"6";"47";"0.0928571428571429";"0.457142857142857";"0.13782991202346";"0.127659574468085";"Killjoy";0;0;0;0;0;0;0;0;0;0;"0";"0";"0";"0";"0";"0";"Neon";0;0;0;0;0;0;0;0;0;0;"0";"0";"0";"0";"0";"0";"Omen";18;236;0,72;"140.4";0,26;15;10;6;2;1;"1";"2";"0.133333333333333";"0.4";"0.111111111111111";"0.5";"Phoenix";262;252,5;0,78;"174.5";0,28;235;162;58;31;22;"3";"31";"0.131914893617021";"0.246808510638298";"0.118320610687023";"0.0967741935483871";"Raze";970;277;0,73;174,7;0,22;933;593;184;145;81;"6";"57";"0.155412647374062";"0.197213290460879";"0.0587628865979381";"0.105263157894737";"Reyna";284;236,9;0,75;"147.2";0,29;241;182;40;29;36;"5";"27";"0.120331950207469";"0.16597510373444";"0.0950704225352113";"0.185185185185185";"Sage";2490;246,5;0,78;154,9;0,29;2213;1482;682;279;139;"37";"240";"0.126073203795752";"0.308178942611839";"0.0963855421686747";"0.154166666666667";"Skye";903;203,3;0,74;130,6;0,29;666;578;192;88;40;"16";"102";"0.132132132132132";"0.288288288288288";"0.112956810631229";"0.156862745098039";"Sova";182;203,3;0,74;"137.1";0,25;130;116;61;6;7;"7";"28";"0.0461538461538462";"0.469230769230769";"0.153846153846154";"0.25";"Viper";0;0;0;0;0;0;0;0;0;0;"0";"0";"0";"0";"0";"0";"Yoru";0;0;0;0;0;0;0;0;0;0;"0";"0";"0";"0";"0";"0"
"koldamenta";"Astra";532;166,3;0,74;109,3;0,24;311;345;198;39;51;"10";"44";"0.12540192926045";"0.636655948553055";"0.0827067669172932";"0.227272727272727";"Breach";144;168,4;0;"101.3";0,18;83;113;59;9;8;"2";"22";"0.108433734939759";"0.710843373493976";"0.152777777777778";"0.0909090909090909";"Brimstone";224;175,6;0,77;"113.8";0,23;133;141;100;17;18;"4";"27";"0.12781954887218";"0.75187969924812";"0.120535714285714";"0.148148148148148";"Chamber";0;0;0;0;0;0;0;0;0;0;"0";"0";"0";"0";"0";"0";"Cypher";19;147;0,58;"102.1";0,25;10;11;3;0;1;"1";"2";"0";"0.3";"0.105263157894737";"0.5";"Fade";0;0;0;0;0;0;0;0;0;0;"0";"0";"0";"0";"0";"0";"Jett";0;0;0;"0";0;0;0;0;0;0;"0";"0";"0";"0";"0";"0";"Kay/O";0;0;0;0;0;0;0;0;0;0;"0";"0";"0";"0";"0";"0";"Killjoy";66;171,3;0,7;112,5;0,17;39;48;6;2;6;"0";"6";"0.0512820512820513";"0.153846153846154";"0.0909090909090909";"0";"Neon";0;0;0;0;0;0;0;0;0;0;"0";"0";"0";"0";"0";"0";"Omen";281;155,8;0,72;"98.9";0,2;154;179;107;19;20;"7";"31";"0.123376623376623";"0.694805194805195";"0.110320284697509";"0.225806451612903";"Phoenix";0;0;0;"0";0;0;0;0;0;0;"0";"0";"0";"0";"0";"0";"Raze";154;232,1;0;145,4;0,12;112;119;52;14;15;"3";"6";"0.125";"0.464285714285714";"0.038961038961039";"0.5";"Reyna";0;0;0;"0";0;0;0;0;0;0;"0";"0";"0";"0";"0";"0";"Sage";574;179;0,71;108,9;0,23;363;390;221;30;33;"6";"51";"0.0826446280991736";"0.608815426997245";"0.0888501742160279";"0.117647058823529";"Skye";270;129;0,67;88,2;0,18;118;192;78;15;32;"1";"19";"0.127118644067797";"0.661016949152542";"0.0703703703703704";"0.0526315789473684";"Sova";3941;198;0,75;"128.6";0,22;2618;2532;1550;251;240;"67";"477";"0.0958747135217723";"0.59205500381971";"0.121035270235981";"0.140461215932914";"Viper";528;194,2;0,74;127,2;0,24;354;336;184;41;41;"10";"53";"0.115819209039548";"0.519774011299435";"0.100378787878788";"0.188679245283019";"Yoru";0;0;0;0;0;0;0;0;0;0;"0";"0";"0";"0";"0";"0"
"Wolfen";"Astra";0;0;0;0;0;0;0;0;0;0;"0";"0";"0";"0";"0";"0";"Breach";0;0;0;"0";0;0;0;0;0;0;"0";"0";"0";"0";"0";"0";"Brimstone";0;0;0;"0";0;0;0;0;0;0;"0";"0";"0";"0";"0";"0";"Chamber";612;240,3;0,73;150,2;0,31;539;401;60;115;69;"7";"83";"0.213358070500928";"0.111317254174397";"0.13562091503268";"0.0843373493975904";"Cypher";0;0;0;"0";0;0;0;0;0;0;"0";"0";"0";"0";"0";"0";"Fade";0;0;0;0;0;0;0;0;0;0;"0";"0";"0";"0";"0";"0";"Jett";736;249,9;0,69;"152.1";0,29;638;546;126;153;125;"11";"48";"0.239811912225705";"0.197492163009404";"0.0652173913043478";"0.229166666666667";"Kay/O";0;0;0;0;0;0;0;0;0;0;"0";"0";"0";"0";"0";"0";"Killjoy";250;224,5;0,69;148,3;0,26;188;166;49;22;29;"2";"21";"0.117021276595745";"0.26063829787234";"0.084";"0.0952380952380952";"Neon";0;0;0;0;0;0;0;0;0;0;"0";"0";"0";"0";"0";"0";"Omen";16;90;0;"58.3";0,16;4;16;2;1;1;"0";"4";"0.25";"0.5";"0.25";"0";"Phoenix";0;0;0;"0";0;0;0;0;0;0;"0";"0";"0";"0";"0";"0";"Raze";0;0;0;0;0;0;0;0;0;0;"0";"0";"0";"0";"0";"0";"Reyna";44;236;0,66;"148.8";0,25;36;39;8;9;9;"1";"3";"0.25";"0.222222222222222";"0.0681818181818182";"0.333333333333333";"Sage";22;216;0,91;144,9;0,48;17;14;4;5;4;"1";"2";"0.294117647058824";"0.235294117647059";"0.0909090909090909";"0.5";"Skye";61;171,3;0,66;113,8;0,31;38;51;7;5;9;"0";"4";"0.131578947368421";"0.184210526315789";"0.0655737704918033";"0";"Sova";2164;233,3;0,76;"150.1";0,31;1766;1485;594;205;174;"36";"180";"0.116081540203851";"0.336353340883352";"0.0831792975970425";"0.2";"Viper";0;0;0;0;0;0;0;0;0;0;"0";"0";"0";"0";"0";"0";"Yoru";0;0;0;0;0;0;0;0;0;0;"0";"0";"0";"0";"0";"0"
"cNed";"Astra";22;136;0,64;90;0,17;12;17;5;2;0;"0";"2";"0.166666666666667";"0.416666666666667";"0.0909090909090909";"0";"Breach";0;0;0;"0";0;0;0;0;0;0;"0";"0";"0";"0";"0";"0";"Brimstone";0;0;0;"0";0;0;0;0;0;0;"0";"0";"0";"0";"0";"0";"Chamber";403;230,1;0,68;146,8;0,28;327;294;43;60;45;"5";"67";"0.18348623853211";"0.131498470948012";"0.166253101736973";"0.0746268656716418";"Cypher";0;0;0;"0";0;0;0;0;0;0;"0";"0";"0";"0";"0";"0";"Fade";0;0;0;0;0;0;0;0;0;0;"0";"0";"0";"0";"0";"0";"Jett";4760;270,2;0,74;"162.1";0,24;4595;3213;733;965;563;"83";"470";"0.210010881392818";"0.159521218715996";"0.0987394957983193";"0.176595744680851";"Kay/O";18;165;0,61;111,6;0,27;11;15;6;1;3;"0";"2";"0.0909090909090909";"0.545454545454545";"0.111111111111111";"0";"Killjoy";0;0;0;0;0;0;0;0;0;0;"0";"0";"0";"0";"0";"0";"Neon";0;0;0;0;0;0;0;0;0;0;"0";"0";"0";"0";"0";"0";"Omen";0;0;0;"0";0;0;0;0;0;0;"0";"0";"0";"0";"0";"0";"Phoenix";0;0;0;"0";0;0;0;0;0;0;"0";"0";"0";"0";"0";"0";"Raze";216;254,3;0;164,7;0,18;184;173;58;32;31;"4";"24";"0.173913043478261";"0.315217391304348";"0.111111111111111";"0.166666666666667";"Reyna";300;227,9;0,7;"141.2";0,22;235;207;65;41;40;"4";"25";"0.174468085106383";"0.276595744680851";"0.0833333333333333";"0.16";"Sage";612;231,1;0,76;143,3;0,27;521;365;197;82;55;"11";"55";"0.157389635316699";"0.378119001919386";"0.0898692810457516";"0.2";"Skye";0;0;0;0;0;0;0;0;0;0;"0";"0";"0";"0";"0";"0";"Sova";0;0;0;"0";0;0;0;0;0;0;"0";"0";"0";"0";"0";"0";"Viper";0;0;0;0;0;0;0;0;0;0;"0";"0";"0";"0";"0";"0";"Yoru";0;0;0;0;0;0;0;0;0;0;"0";"0";"0";"0";"0";"0"
"Zyppan";"Astra";0;0;0;0;0;0;0;0;0;0;"0";"0";"0";"0";"0";"0";"Breach";0;0;0;"0";0;0;0;0;0;0;"0";"0";"0";"0";"0";"0";"Brimstone";61;228;0,74;"143.2";0,31;49;44;17;7;4;"0";"3";"0.142857142857143";"0.346938775510204";"0.0491803278688525";"0";"Chamber";0;0;0;0;0;0;0;0;0;0;"0";"0";"0";"0";"0";"0";"Cypher";0;0;0;"0";0;0;0;0;0;0;"0";"0";"0";"0";"0";"0";"Fade";0;0;0;0;0;0;0;0;0;0;"0";"0";"0";"0";"0";"0";"Jett";85;240,3;0,73;"145.9";0,2;70;52;15;15;14;"0";"6";"0.214285714285714";"0.214285714285714";"0.0705882352941176";"0";"Kay/O";945;198,8;0,72;131;0,29;657;680;376;88;92;"10";"57";"0.133942161339422";"0.572298325722983";"0.0603174603174603";"0.175438596491228";"Killjoy";0;0;0;0;0;0;0;0;0;0;"0";"0";"0";"0";"0";"0";"Neon";0;0;0;0;0;0;0;0;0;0;"0";"0";"0";"0";"0";"0";"Omen";0;0;0;"0";0;0;0;0;0;0;"0";"0";"0";"0";"0";"0";"Phoenix";59;256,7;0,71;"166";0,34;53;39;9;11;5;"0";"1";"0.207547169811321";"0.169811320754717";"0.0169491525423729";"0";"Raze";4208;260,7;0,72;160,9;0,22;3663;2942;1011;702;412;"36";"205";"0.191646191646192";"0.276003276003276";"0.0487167300380228";"0.175609756097561";"Reyna";183;283,1;0,77;"177.5";0,3;185;118;40;34;17;"2";"6";"0.183783783783784";"0.216216216216216";"0.0327868852459016";"0.333333333333333";"Sage";488;211,7;0,72;134,7;0,34;374;328;118;47;50;"3";"44";"0.125668449197861";"0.315508021390374";"0.0901639344262295";"0.0681818181818182";"Skye";240;205,2;0,73;135,1;0,32;175;167;59;29;28;"4";"19";"0.165714285714286";"0.337142857142857";"0.0791666666666667";"0.210526315789474";"Sova";42;172,5;0,79;"132.7";0,47;26;31;14;4;5;"1";"5";"0.153846153846154";"0.538461538461538";"0.119047619047619";"0.2";"Viper";0;0;0;0;0;0;0;0;0;0;"0";"0";"0";"0";"0";"0";"Yoru";0;0;0;0;0;0;0;0;0;0;"0";"0";"0";"0";"0";"0"
"Shao";"Astra";388;193,2;0,78;127,6;0,26;272;232;99;22;25;"10";"69";"0.0808823529411765";"0.363970588235294";"0.177835051546392";"0.144927536231884";"Breach";0;0;0;"0";0;0;0;0;0;0;"0";"0";"0";"0";"0";"0";"Brimstone";35;136;0,66;"84.1";0,22;15;33;7;2;6;"0";"5";"0.133333333333333";"0.466666666666667";"0.142857142857143";"0";"Chamber";0;0;0;0;0;0;0;0;0;0;"0";"0";"0";"0";"0";"0";"Cypher";0;0;0;"0";0;0;0;0;0;0;"0";"0";"0";"0";"0";"0";"Fade";886;205,5;0,78;140,2;0,3;649;540;311;50;43;"24";"112";"0.0770416024653313";"0.479198767334361";"0.126410835214447";"0.214285714285714";"Jett";209;280,6;0,76;"175.8";0,26;216;139;29;46;22;"9";"29";"0.212962962962963";"0.134259259259259";"0.138755980861244";"0.310344827586207";"Kay/O";0;0;0;0;0;0;0;0;0;0;"0";"0";"0";"0";"0";"0";"Killjoy";0;0;0;0;0;0;0;0;0;0;"0";"0";"0";"0";"0";"0";"Neon";0;0;0;0;0;0;0;0;0;0;"0";"0";"0";"0";"0";"0";"Omen";85;261,3;0,8;"161.4";0,31;83;52;34;12;3;"3";"19";"0.144578313253012";"0.409638554216867";"0.223529411764706";"0.157894736842105";"Phoenix";93;219;0;"148.5";0,25;73;61;15;13;6;"0";"2";"0.178082191780822";"0.205479452054795";"0.021505376344086";"0";"Raze";581;270,5;0,78;155,2;0,2;531;387;118;56;1;"0";"3";"0.105461393596987";"0.222222222222222";"0.00516351118760757";"0";"Reyna";0;0;0;"0";0;0;0;0;0;0;"0";"0";"0";"0";"0";"0";"Sage";1084;223,4;0,8;140,7;0,26;872;622;448;70;62;"30";"137";"0.0802752293577982";"0.513761467889908";"0.126383763837638";"0.218978102189781";"Skye";18;268;0,67;171,1;0,47;18;14;1;4;1;"1";"7";"0.222222222222222";"0.0555555555555556";"0.388888888888889";"0.142857142857143";"Sova";3092;227,6;0,75;"144.4";0,29;2447;1851;1062;247;112;"67";"373";"0.100939926440539";"0.43400081732734";"0.120633893919793";"0.179624664879357";"Viper";21;252;0,67;135;0,29;17;16;3;3;1;"0";"4";"0.176470588235294";"0.176470588235294";"0.19047619047619";"0";"Yoru";0;0;0;0;0;0;0;0;0;0;"0";"0";"0";"0";"0";"0"
"ANGE1";"Astra";205;226,5;0,8;143,5;0,38;170;109;71;24;18;"4";"22";"0.141176470588235";"0.417647058823529";"0.107317073170732";"0.181818181818182";"Breach";137;140;0,61;"95.8";0,29;72;117;24;5;23;"0";"6";"0.0694444444444444";"0.333333333333333";"0.0437956204379562";"0";"Brimstone";1513;219,2;0,74;"136.4";0,32;1104;1144;342;245;84;"4";"30";"0.221920289855072";"0.309782608695652";"0.0198281559814937";"0.133333333333333";"Chamber";0;0;0;0;0;0;0;0;0;0;"0";"0";"0";"0";"0";"0";"Cypher";0;0;0;"0";0;0;0;0;0;0;"0";"0";"0";"0";"0";"0";"Fade";197;153,4;0,65;109;0,37;104;153;53;11;23;"1";"11";"0.105769230769231";"0.509615384615385";"0.0558375634517767";"0.0909090909090909";"Jett";57;247;0,7;"147.8";0,31;43;49;12;12;14;"0";"2";"0.27906976744186";"0.27906976744186";"0.0350877192982456";"0";"Kay/O";130;166,2;0,66;114,6;0,21;73;103;44;14;17;"0";"7";"0.191780821917808";"0.602739726027397";"0.0538461538461538";"0";"Killjoy";42;158,5;0,64;117,2;0,31;25;31;7;3;7;"0";"1";"0.12";"0.28";"0.0238095238095238";"0";"Neon";0;0;0;0;0;0;0;0;0;0;"0";"0";"0";"0";"0";"0";"Omen";2637;197,7;0,65;"123.2";0,31;1795;1968;582;365;371;"21";"137";"0.203342618384401";"0.324233983286908";"0.0519529768676526";"0.153284671532847";"Phoenix";168;224,2;0,73;"140.7";0,33;133;122;40;31;20;"2";"7";"0.233082706766917";"0.300751879699248";"0.0416666666666667";"0.285714285714286";"Raze";0;0;0;0;0;0;0;0;0;0;"0";"0";"0";"0";"0";"0";"Reyna";75;261,5;0,7;"166.4";0,29;66;53;25;13;10;"0";"1";"0.196969696969697";"0.378787878787879";"0.0133333333333333";"0";"Sage";21;106;0,62;73,1;0,29;7;17;5;4;2;"0";"1";"0.571428571428571";"0.714285714285714";"0.0476190476190476";"0";"Skye";0;0;0;0;0;0;0;0;0;0;"0";"0";"0";"0";"0";"0";"Sova";65;140;0,68;"106";0,23;28;46;22;5;5;"0";"2";"0.178571428571429";"0.785714285714286";"0.0307692307692308";"0";"Viper";919;200,2;0,71;130,5;0,29;610;631;307;114;120;"14";"59";"0.186885245901639";"0.50327868852459";"0.0642002176278564";"0.23728813559322";"Yoru";111;171,7;0,53;114,6;0,37;69;84;13;18;20;"3";"10";"0.260869565217391";"0.188405797101449";"0.0900900900900901";"0.3"
"SUYGETSU";"Astra";0;0;0;0;0;0;0;0;0;0;"0";"0";"0";"0";"0";"0";"Breach";0;0;0;"0";0;0;0;0;0;0;"0";"0";"0";"0";"0";"0";"Brimstone";0;0;0;"0";0;0;0;0;0;0;"0";"0";"0";"0";"0";"0";"Chamber";45;252,5;0,82;160;0,34;44;31;4;4;3;"0";"4";"0.0909090909090909";"0.0909090909090909";"0.0888888888888889";"0";"Cypher";3479;211,1;0,74;"135";0,32;2729;2148;723;298;201;"87";"455";"0.109197508244778";"0.264932209600586";"0.130784708249497";"0.191208791208791";"Fade";0;0;0;0;0;0;0;0;0;0;"0";"0";"0";"0";"0";"0";"Jett";155;252,3;0,71;"151.1";0,27;142;106;14;28;28;"4";"17";"0.197183098591549";"0.0985915492957746";"0.109677419354839";"0.235294117647059";"Kay/O";0;0;0;0;0;0;0;0;0;0;"0";"0";"0";"0";"0";"0";"Killjoy";1134;221,9;0,74;147,6;0,28;897;721;202;107;75;"26";"153";"0.119286510590858";"0.225195094760312";"0.134920634920635";"0.169934640522876";"Neon";0;0;0;0;0;0;0;0;0;0;"0";"0";"0";"0";"0";"0";"Omen";0;0;0;"0";0;0;0;0;0;0;"0";"0";"0";"0";"0";"0";"Phoenix";0;0;0;"0";0;0;0;0;0;0;"0";"0";"0";"0";"0";"0";"Raze";0;0;0;0;0;0;0;0;0;0;"0";"0";"0";"0";"0";"0";"Reyna";0;0;0;"0";0;0;0;0;0;0;"0";"0";"0";"0";"0";"0";"Sage";401;199,8;0,75;129,3;0,32;295;266;103;21;20;"7";"51";"0.0711864406779661";"0.349152542372881";"0.127182044887781";"0.137254901960784";"Skye";367;212;0,78;139;0,34;297;234;86;28;27;"10";"56";"0.0942760942760943";"0.28956228956229";"0.152588555858311";"0.178571428571429";"Sova";0;0;0;"0";0;0;0;0;0;0;"0";"0";"0";"0";"0";"0";"Viper";710;223,6;0,76;147,9;0,34;569;470;210;56;37;"13";"111";"0.0984182776801406";"0.369068541300527";"0.156338028169014";"0.117117117117117";"Yoru";0;0;0;0;0;0;0;0;0;0;"0";"0";"0";"0";"0";"0"
